model,IFEval,BBH,MATH,GPQA,MUSR,MMLU-PRO,date
0-hero_Matter-0.2-7B-DPO,26.247689463955638,35.84447144592953,0.8308157099697886,25.922818791946305,38.095238095238095,11.63563829787234,1723035419.913854
01-ai_Yi-1.5-34B,21.811460258780038,59.53827460510328,14.04833836858006,36.577181208053695,42.32804232804233,46.65890957446808,1718742335.3500128
01-ai_Yi-1.5-34B-32K,25.32347504621072,59.81600416594341,13.444108761329304,36.3255033557047,43.91534391534391,47.09109042553192,1718619571.7671866
01-ai_Yi-1.5-34B-Chat,55.26802218114602,60.649192848463805,23.338368580060422,36.49328859060403,42.72486772486773,45.20445478723404,1718558676.590114
01-ai_Yi-1.5-34B-Chat-16K,39.37153419593346,60.70126714112133,18.806646525679756,33.808724832214764,43.91534391534391,45.44547872340425,1721208360.7398815
01-ai_Yi-1.5-6B,21.996303142329023,44.81860788057629,5.664652567975831,31.20805369127517,43.783068783068785,31.008976063829785,1718634784.0164244
01-ai_Yi-1.5-6B-Chat,42.329020332717185,45.061621246311404,12.537764350453173,31.79530201342282,44.17989417989418,31.97307180851064,1718619546.3181446
01-ai_Yi-1.5-9B,23.10536044362292,51.3626106578719,10.196374622356496,37.919463087248324,43.25396825396825,39.16223404255319,1718558612.9660494
01-ai_Yi-1.5-9B-32K,18.484288354898336,49.401145634438464,9.592145015105741,35.90604026845637,41.7989417989418,37.649601063829785,1718558160.1665585
01-ai_Yi-1.5-9B-Chat,55.08317929759704,55.28554070473876,11.63141993957704,33.47315436241611,42.46031746031746,39.752327127659576,1718615862.7360733
01-ai_Yi-1.5-9B-Chat-16K,35.12014787430684,51.24110397500434,12.613293051359516,30.87248322147651,40.87301587301587,39.935172872340424,1718559068.7217603
01-ai_Yi-34B,24.58410351201479,54.504426314875886,4.45619335347432,36.66107382550335,41.13756613756614,44.1156914893617,1718558544.9369016
01-ai_Yi-34B-200K,12.384473197781885,54.01839958340566,4.45619335347432,35.65436241610738,38.095238095238095,45.34574468085106,1718558901.6478157
01-ai_Yi-34B-Chat,41.21996303142329,55.268182607186255,6.268882175226587,33.808724832214764,39.682539682539684,40.93251329787234,1718559163.0484014
01-ai_Yi-6B,22.73567467652495,42.66620378406527,1.5105740181268883,26.929530201342285,39.285714285714285,29.911901595744684,1718558729.3290744
01-ai_Yi-6B-200K,7.393715341959335,42.45790661343517,1.2084592145015105,28.187919463087248,45.767195767195766,28.440824468085108,1718558802.0404208
01-ai_Yi-6B-Chat,28.09611829944547,40.87831973615692,0.6797583081570997,29.446308724832214,36.77248677248677,30.61003989361702,1718558984.7006216
01-ai_Yi-9B,21.441774491682068,49.2622808540184,4.380664652567976,31.79530201342282,40.476190476190474,35.73803191489361,1718615861.2595878
01-ai_Yi-9B-200K,18.484288354898336,47.80420065960771,5.81570996978852,31.543624161073826,42.857142857142854,36.22007978723404,1718557966.2182639
01-ai_Yi-Coder-9B-Chat,42.14417744916821,48.029855927790315,2.9456193353474323,24.748322147651006,39.81481481481482,24.251994680851062,1726269973.610733
1-800-LLMs_Qwen-2.5-14B-Hindi,52.12569316081331,64.97135913903837,25.075528700906347,36.241610738255034,44.84126984126984,52.62632978723404,1738818824.2184627
1-800-LLMs_Qwen-2.5-14B-Hindi-Custom-Instruct,28.09611829944547,62.575941676792226,30.589123867069485,36.99664429530201,44.84126984126984,51.637300531914896,1738834854.6113088
1024m_PHI-4-Hindi,0.5545286506469501,66.96754035757681,23.11178247734139,39.76510067114094,49.074074074074076,52.3936170212766,1738818621.255595
1024m_QWEN-14B-B100,74.3068391866913,65.11022391945843,0.0,35.06711409395973,40.87301587301587,51.78690159574468,1738834967.2484872
152334H_miqu-1-70b-sf,45.84103512014787,60.87484811664642,10.80060422960725,35.06711409395973,45.767195767195766,42.278922872340424,1721946638.936464
1TuanPham_T-VisStar-7B-v0.1,29.57486136783734,50.32112480472141,4.531722054380665,28.523489932885905,43.65079365079365,32.106050531914896,1726912798.5831773
1TuanPham_T-VisStar-v0.1,29.57486136783734,50.32112480472141,4.531722054380665,28.523489932885905,43.65079365079365,32.106050531914896,1726907327.9825122
3rd-Degree-Burn_L-3.1-Science-Writer-8B,35.48983364140481,50.078111438986284,10.27190332326284,27.432885906040266,39.55026455026455,36.49434840425532,1732060188.3320103
3rd-Degree-Burn_Llama-3.1-8B-Squareroot,16.45101663585952,34.247526471098766,21.07250755287009,25.671140939597315,30.82010582010582,17.49501329787234,1728575665.589264
3rd-Degree-Burn_Llama-3.1-8B-Squareroot-v1,21.996303142329023,33.153966325290746,6.193353474320242,25.587248322147648,33.33333333333333,11.269946808510637,1731228161.7395277
3rd-Degree-Burn_Llama-Squared-8B,20.33271719038817,44.106925880923455,4.229607250755287,27.181208053691275,30.82010582010582,23.66190159574468,1728402286.31136
4season_final_model_test_v2,25.693160813308687,63.235549383787536,1.3595166163141994,32.718120805369125,43.12169312169312,35.280917553191486,1721917814.3288605
AALF_FuseChat-Llama-3.1-8B-Instruct-preview,67.65249537892791,50.9460163166117,7.02416918429003,30.536912751677853,38.095238095238095,37.32546542553192,1732105190.0597486
AALF_FuseChat-Llama-3.1-8B-SFT-preview,68.39186691312385,52.2131574379448,11.404833836858005,30.453020134228186,40.07936507936508,37.433510638297875,1732195094.5380006
AALF_gemma-2-27b-it-SimPO-37K,19.593345656192238,38.899496615170975,0.0,28.02013422818792,34.78835978835979,19.71409574468085,1725135424.4943056
AALF_gemma-2-27b-it-SimPO-37K-100steps,21.256931608133087,39.17722617601111,0.0,28.859060402684566,33.2010582010582,21.251662234042552,1727439104.5212975
AELLM_gemma-2-aeria-infinity-9b,71.90388170055454,59.76392987328589,0.0,33.38926174496644,40.07936507936508,38.6220079787234,1728467339.2603097
AELLM_gemma-2-lyco-infinity-9b,68.39186691312385,58.28849158132269,0.0,32.802013422818796,39.94708994708995,37.8656914893617,1728558043.4691238
AGI-0_Art-v0-3B,26.432532347504623,33.865648324943585,13.595166163141995,26.090604026845636,39.81481481481482,25.282579787234045,1737201211.2398553
AGI-0_Artificium-llama3.1-8B-001,45.84103512014787,42.37111612567263,10.27190332326284,26.593959731543627,37.83068783068783,31.815159574468083,1726013727.3846564
AGI-0_smartllama3.1-8B-001,27.911275415896487,46.39819475785454,11.858006042296072,30.620805369127517,43.783068783068785,34.86535904255319,1732571255.836228
AI-MO_NuminaMath-7B-CoT,21.996303142329023,42.978649540010416,7.930513595166164,26.593959731543627,32.93650793650794,28.681848404255316,1726090513.4144747
AI-MO_NuminaMath-7B-TIR,21.072088724584106,41.27755597986461,1.7371601208459215,25.838926174496645,35.05291005291005,27.32712765957447,1721912280.7488973
AI-Sweden-Models_Llama-3-8B-instruct,17.929759704251385,41.4684950529422,0.4531722054380665,26.593959731543627,47.61904761904761,25.972406914893615,1721647412.3077953
AI-Sweden-Models_gpt-sw3-40b,9.981515711645102,32.45964242319042,0.6042296072507553,23.48993288590604,36.24338624338625,12.757646276595743,1722013254.9788163
AI4free_Dhanishtha,19.593345656192238,33.76149973962853,25.604229607250755,25.25167785234899,35.58201058201058,16.4311835106383,1740345069.857162
AI4free_t2,31.053604436229204,28.745009546953654,18.957703927492446,25.75503355704698,38.35978835978836,11.436170212765957,1740660972.604748
AIDC-AI_Marco-o1,41.21996303142329,53.34143377885784,10.649546827794563,25.922818791946305,41.269841269841265,41.165226063829785,1738387235.2471664
Aashraf995_Creative-7B-nerd,40.48059149722736,55.84099982641902,28.54984894259819,32.63422818791946,45.10582010582011,44.921875,1734490337.144224
Aashraf995_Gemma-Evo-10B,68.94639556377079,60.354105190071174,20.090634441087612,35.40268456375839,45.8994708994709,42.75265957446808,1734491077.0916376
Aashraf995_Qwen-Evo-7B,40.110905730129396,56.81305328935948,29.984894259818727,32.5503355704698,45.370370370370374,44.622672872340424,1734490523.1207943
Aashraf995_QwenStock-14B,44.17744916820702,65.2838048949835,33.383685800604226,38.92617449664429,47.883597883597886,53.82313829787234,1734490889.5313075
AbacusResearch_Jallabi-34B,29.20517560073937,59.868078458600934,3.927492447129909,33.89261744966443,48.148148148148145,46.81682180851064,1722310482.1765687
Ahdoot_StructuredThinker-v0.3-MoreStructure,34.93530499075786,48.13400451310537,23.48942598187311,29.697986577181208,41.53439153439153,36.10372340425532,1735701165.7037365
Ahdoot_Test_StealthThinker,35.12014787430684,46.1031070994619,14.577039274924472,29.61409395973154,42.72486772486773,35.97074468085106,1736202914.7016983
AicoresSecurity_Cybernet-Sec-3B-R1-V0,57.85582255083179,44.87068217323381,11.555891238670695,26.34228187919463,33.06878306878307,30.1030585106383,1740643403.146409
AicoresSecurity_Cybernet-Sec-3B-R1-V0-Coder,66.17375231053605,44.52352022218365,14.879154078549849,27.181208053691275,33.99470899470899,31.78191489361702,1740643387.6055121
AicoresSecurity_Cybernet-Sec-3B-R1-V1,56.007393715341955,42.63148758896025,15.181268882175228,26.090604026845636,32.804232804232804,28.76496010638298,1741331739.29394
AicoresSecurity_Cybernet-Sec-3B-R1-V1.1,62.661737523105366,43.672973442110745,17.598187311178247,27.097315436241608,35.317460317460316,30.8843085106383,1741377346.4537568
Alepach_notHumpback-M0,22.36598890942699,28.6408609616386,0.3021148036253776,25.419463087248324,34.78835978835979,11.627327127659575,1736198552.7743824
Alepach_notHumpback-M1,16.635859519408502,29.109529595556328,0.6042296072507553,25.335570469798657,35.317460317460316,10.987367021276597,1736198552.7743998
Alepach_notHumpback-M1-v2,17.005545286506468,27.512584620725566,1.2084592145015105,26.006711409395972,34.65608465608466,11.18683510638298,1737354338.6171932
Alibaba-NLP_gte-Qwen2-7B-instruct,16.45101663585952,44.57559451484117,3.474320241691843,24.496644295302016,35.58201058201058,33.211436170212764,1723462617.4118228
Alsebay_Qwen2.5-7B-test-novelist,47.31977818853974,51.17167158479431,16.08761329305136,29.110738255033556,47.48677248677249,38.655252659574465,1734487341.4107695
Amaorynho_BBAI2006,9.796672828096119,26.71411213331019,0.0,25.25167785234899,35.978835978835974,11.228390957446809,1740693469.874663
Amaorynho_BBAI270V4,13.308687615526802,30.411386911994448,0.8308157099697886,24.580536912751676,33.06878306878307,11.136968085106384,1740643387.7905645
Amaorynho_BBAIIFEV1,76.89463955637707,52.80333275473008,19.335347432024168,31.04026845637584,41.7989417989418,38.57214095744681,1740856409.641918
Amaorynho_BBAI_375,9.796672828096119,26.71411213331019,0.0,25.25167785234899,35.978835978835974,11.228390957446809,1740658179.6550643
Amu_t1-1.5B,26.98706099815157,39.80211768790141,5.13595166163142,24.328859060402685,35.05291005291005,25.664893617021278,1741407334.0932674
Amu_t1-3B,26.98706099815157,39.64589480992883,13.746223564954683,24.07718120805369,34.25925925925926,12.840757978723405,1741882478.9004369
ArliAI_ArliAI-RPMax-12B-v1.1,47.504621072088725,47.335532025689986,9.214501510574017,28.187919463087248,36.11111111111111,33.84308510638298,1726273362.7972791
ArliAI_Llama-3.1-8B-ArliAI-RPMax-v1.1,58.59519408502772,49.97396285367124,11.329305135951662,28.355704697986578,35.714285714285715,35.51363031914894,1726731644.5447228
Arthur-LAGACHERIE_Precis-1B-Instruct,30.129390018484287,31.95625759416768,0.0755287009063444,26.593959731543627,34.25925925925926,14.261968085106384,1737339070.744145
Artples_L-MChat-7b,46.58040665434381,45.842735636174275,7.930513595166164,30.536912751677853,40.21164021164021,32.98703457446808,1724254238.320475
Artples_L-MChat-Small,25.693160813308687,47.89099114737025,1.5861027190332326,26.76174496644295,36.904761904761905,24.642619680851062,1723492233.1077857
Aryanne_QwentileSwap,69.87060998151571,69.79691025863566,42.220543806646525,36.74496644295302,46.2962962962963,59.45811170212766,1741870615.4336636
Aryanne_SHBA,74.67652495378928,52.109008852629756,17.371601208459214,30.536912751677853,41.53439153439153,38.92121010638298,1736821026.4448602
Aryanne_SuperHeart,44.73197781885398,51.918069779552155,13.897280966767372,30.11744966442953,44.31216931216932,39.12067819148936,1727090636.4601269
AtAndDev_Qwen2.5-1.5B-continuous-learnt,40.66543438077634,42.162818955042525,7.477341389728097,26.593959731543627,36.24338624338625,28.116688829787233,1728966548.8083882
Ateron_Glowing-Forest-12B,29.390018484288355,54.69536538795347,7.779456193353475,33.30536912751678,44.44444444444444,37.175864361702125,1741271298.899786
Ateron_Lotus-Magpic,57.85582255083179,52.26523173060232,9.969788519637463,30.285234899328863,43.25396825396825,34.90691489361702,1741178272.413424
Ateron_Way_of_MagPicaro,19.408502772643253,54.01839958340566,5.8912386706948645,33.38926174496644,46.42857142857143,35.35571808510639,1741186655.619772
AuraIndustries_Aura-4B,30.868761552680223,44.69710119770873,4.305135951661631,28.7751677852349,39.285714285714285,27.061170212765955,1734489790.772635
AuraIndustries_Aura-8B,68.20702402957485,51.08488109703176,15.030211480362537,28.60738255033557,39.94708994708995,38.738364361702125,1733891101.6094694
AuraIndustries_Aura-MoE-2x4B,39.74121996303142,43.221662905745525,2.9456193353474323,27.181208053691275,40.74074074074074,26.496010638297875,1734494552.7933226
AuraIndustries_Aura-MoE-2x4B-v2,41.95933456561922,42.926575247352886,2.3413897280966767,28.7751677852349,40.87301587301587,26.097074468085108,1734495692.6315074
Aurel9_testmerge-7b,32.71719038817005,51.518833535844465,6.722054380664652,30.033557046979865,46.56084656084656,30.52692819148936,1732063222.5142367
Ayush-Singh_Llama1B-sft-2,9.981515711645102,28.08540183995834,0.0,24.580536912751676,35.44973544973545,11.170212765957446,1738748304.581623
Azure99_Blossom-V6-14B,58.9648798521257,50.234334316958865,7.552870090634441,26.25838926174497,40.21164021164021,45.437167553191486,1738396543.1657233
Azure99_Blossom-V6-7B,50.09242144177449,49.54001041485853,7.854984894259818,30.453020134228186,42.857142857142854,41.43949468085106,1738396926.646477
Azure99_blossom-v5-32b,47.874306839186694,59.31261933692067,9.667673716012084,31.1241610738255,40.07936507936508,42.34541223404255,1727439475.9634144
Azure99_blossom-v5-llama3-8b,37.33826247689464,41.55528554070474,4.003021148036254,26.51006711409396,36.64021164021164,22.05784574468085,1726917035.3106976
Azure99_blossom-v5.1-34b,51.940850277264325,60.80541572643639,14.425981873111782,30.956375838926174,39.15343915343915,45.462101063829785,1721176817.6192234
Azure99_blossom-v5.1-9b,45.84103512014787,53.18521090088526,10.498489425981873,33.557046979865774,39.81481481481482,39.84375,1721174497.1551821
BAAI_Gemma2-9B-IT-Simpo-Infinity-Preference,30.31423290203327,59.71185558062836,0.0,33.9765100671141,39.55026455026455,38.63863031914894,1725351377.2931983
BAAI_Infinity-Instruct-3M-0613-Llama3-70B,63.4011090573013,66.25585835792397,14.879154078549849,35.822147651006716,45.10582010582011,47.29886968085106,1721867850.664568
BAAI_Infinity-Instruct-3M-0613-Mistral-7B,48.24399260628466,49.418503731990974,6.646525679758309,29.61409395973154,43.386243386243386,31.607380319148938,1721641999.3717854
BAAI_Infinity-Instruct-3M-0625-Llama3-70B,70.42513863216267,66.39472313834403,16.314199395770395,35.738255033557046,46.03174603174603,45.86103723404255,1725297792.0041378
BAAI_Infinity-Instruct-3M-0625-Llama3-8B,56.37707948243993,49.21020656136088,5.287009063444108,27.516778523489933,37.03703703703704,32.52160904255319,1721915240.514845
BAAI_Infinity-Instruct-3M-0625-Mistral-7B,54.15896487985212,49.140774171150845,6.722054380664652,28.691275167785236,42.592592592592595,32.297207446808514,1723484219.1845138
BAAI_Infinity-Instruct-3M-0625-Qwen2-7B,50.64695009242144,53.15049470578025,6.117824773413897,31.29194630872483,38.75661375661375,39.602726063829785,1723483935.3110347
BAAI_Infinity-Instruct-3M-0625-Yi-1.5-9B,46.76524953789279,54.97309494879361,13.972809667673717,35.40268456375839,45.63492063492063,41.18184840425532,1724215867.6895223
BAAI_Infinity-Instruct-7M-0729-Llama3_1-8B,56.931608133086876,50.40791529248394,9.743202416918429,29.278523489932883,35.714285714285715,32.23902925531915,1723466639.436655
BAAI_Infinity-Instruct-7M-0729-mistral-7B,56.931608133086876,49.31435514667592,5.589123867069486,29.026845637583893,40.476190476190474,32.737699468085104,1723466355.2445118
BAAI_Infinity-Instruct-7M-Gen-Llama3_1-70B,69.13123844731977,66.75924318694672,21.07250755287009,37.58389261744966,45.23809523809524,46.0688164893617,1727545589.2896843
BAAI_Infinity-Instruct-7M-Gen-Llama3_1-8B,56.931608133086876,50.40791529248394,9.743202416918429,29.278523489932883,35.714285714285715,32.23902925531915,1725290032.0481584
BAAI_Infinity-Instruct-7M-Gen-mistral-7B,56.74676524953789,49.31435514667592,5.589123867069486,29.026845637583893,40.476190476190474,32.737699468085104,1725290056.145372
BAAI_OPI-Llama-3.1-8B-Instruct,15.711645101663585,35.20222183648672,0.0,27.432885906040266,32.27513227513227,21.243351063829788,1727091025.6478512
BEE-spoke-data_Meta-Llama-3-8Bee,12.754158964879853,46.207255684776946,3.8519637462235647,31.3758389261745,36.507936507936506,32.19747340425532,1721908325.4348733
BEE-spoke-data_smol_llama-101M-GQA,8.502772643253234,29.76913730255164,0.0,25.75503355704698,37.03703703703704,11.070478723404255,1723536685.861438
BEE-spoke-data_smol_llama-220M-GQA,17.744916820702404,29.97743447318174,0.0,25.587248322147648,40.476190476190474,11.49434840425532,1719443868.9508545
BEE-spoke-data_smol_llama-220M-GQA-fineweb_edu,13.863216266173753,28.97066481513626,0.0,25.922818791946305,43.51851851851852,11.269946808510637,1721300608.9852736
BEE-spoke-data_smol_llama-220M-openhermes,10.720887245841034,29.97743447318174,0.0,26.76174496644295,38.35978835978836,11.20345744680851,1726951558.0970159
BEE-spoke-data_tFINE-900m-e16-d32-flan,9.611829944547134,30.116299253601802,0.0,23.322147651006713,37.16931216931217,13.07347074468085,1726287833.0488803
BEE-spoke-data_tFINE-900m-e16-d32-flan-infinity-instruct-7m-T2T_en-1024,7.948243992606285,31.1577851067523,0.0,25.419463087248324,43.783068783068785,12.367021276595745,1726299826.5624056
BEE-spoke-data_tFINE-900m-e16-d32-instruct_2e,8.872458410351202,30.96684603367471,0.0,25.922818791946305,41.93121693121693,12.367021276595745,1727103939.6124184
BEE-spoke-data_tFINE-900m-instruct-orpo,8.133086876155268,29.994792570734248,0.0,25.922818791946305,33.99470899470899,11.519281914893616,1727107436.567699
BSC-LT_salamandra-7b,9.242144177449168,35.09807325117168,0.0,27.01342281879195,34.92063492063492,14.926861702127658,1732262928.374736
BSC-LT_salamandra-7b-instruct,19.038817005545287,38.29196320083319,0.22658610271903326,26.426174496644293,41.269841269841265,18.05186170212766,1732263170.7019205
Ba2han_Llama-Phi-3_DoRA,45.65619223659889,54.90366255858358,10.196374622356496,32.63422818791946,40.60846560846561,39.153922872340424,1722240501.0218887
Baptiste-HUVELLE-10_LeTriomphant2.2_ECE_iLAB,43.253234750462106,72.38326679395938,44.48640483383686,39.93288590604027,46.164021164021165,58.51063829787234,1740737609.180878
BenevolenceMessiah_Qwen2.5-72B-2x-Instruct-TIES-v1.0,48.79852125693161,72.57420586703698,9.365558912386707,36.74496644295302,41.93121693121693,56.28324468085106,1732490037.6375556
BenevolenceMessiah_Yi-Coder-9B-Chat-Instruct-TIES-MoE-v1.0,23.65988909426987,49.03662558583579,4.003021148036254,26.25838926174497,40.74074074074074,26.803523936170215,1727479050.0800233
BlackBeenie_Bloslain-8B-v0.2,43.992606284658045,50.876583926401665,14.501510574018129,30.620805369127517,40.74074074074074,36.53590425531915,1732060047.3849492
BlackBeenie_Llama-3.1-8B-OpenO1-SFT-v0.1,45.28650646950093,47.647977781635134,13.066465256797583,26.845637583892618,36.11111111111111,34.915226063829785,1735449702.5015802
BlackBeenie_Llama-3.1-8B-pythonic-passthrough-merge,16.820702402957487,34.19545217844124,0.6042296072507553,26.845637583892618,37.698412698412696,13.32280585106383,1730919192.9395804
BlackBeenie_Neos-Gemma-2-9b,53.60443622920518,54.834230168373544,8.23262839879154,32.29865771812081,36.11111111111111,39.81050531914894,1731322968.3326645
BlackBeenie_Neos-Llama-3.1-8B,42.883548983364136,43.93334490539837,12.915407854984895,26.845637583892618,37.43386243386244,32.62134308510639,1731416034.6801274
BlackBeenie_Neos-Llama-3.1-base,11.275415896487985,28.918590522478738,0.0,23.741610738255034,34.92063492063492,11.12034574468085,1731332154.3155415
BlackBeenie_Neos-Phi-3-14B-v0.1,33.08687615526802,62.020482555111954,16.691842900302113,30.536912751677853,41.13756613756614,45.636635638297875,1732718128.7371423
BlackBeenie_llama-3-luminous-merged,36.22920517560074,51.41468495052942,7.854984894259818,29.278523489932883,41.4021164021164,37.73271276595745,1728651093.5903342
BlackBeenie_llama-3.1-8B-Galore-openassistant-guanaco,19.963031423290204,51.952785974657175,4.833836858006042,30.033557046979865,44.047619047619044,32.06449468085106,1729335185.1941497
Bllossom_llama-3.2-Korean-Bllossom-AICA-5B,45.65619223659889,42.77035236938032,7.326283987915408,29.86577181208054,38.22751322751323,27.102726063829785,1734495872.7188382
BoltMonkey_DreadMix,66.35859519408503,54.22669675403575,13.746223564954683,29.949664429530205,42.06349206349206,37.898936170212764,1728985357.6071317
BoltMonkey_NeuralDaredevil-SuperNova-Lite-7B-DARETIES-abliterated,36.78373382624769,51.536191633396975,9.969788519637463,28.02013422818792,40.60846560846561,36.419547872340424,1727829674.682137
BoltMonkey_SuperNeuralDreadDevil-8b,73.38262476894639,52.71654226696754,11.48036253776435,29.194630872483224,39.682539682539684,36.785239361702125,1728966228.483737
BrainWave-ML_llama3.2-3B-maths-orpo,14.602587800369685,28.762367644506163,0.0,25.922818791946305,35.714285714285715,11.67719414893617,1729868156.7813113
BramVanroy_GEITje-7B-ultra,31.42329020332717,37.545565006075336,0.906344410876133,26.25838926174497,32.804232804232804,20.113031914893618,1730128896.347968
BramVanroy_fietje-2,15.341959334565619,40.2187120291616,0.906344410876133,25.419463087248324,36.904761904761905,19.855385638297875,1730126935.9024289
BramVanroy_fietje-2-chat,22.73567467652495,41.32963027252213,0.5287009063444109,23.993288590604024,35.18518518518518,20.545212765957448,1730128500.5469542
BramVanroy_fietje-2-instruct,21.626617375231053,41.15604929699705,0.5287009063444109,23.322147651006713,33.5978835978836,21.03557180851064,1730181979.0960438
CYFRAGOVPL_Llama-PLLuM-8B-base,22.36598890942699,43.169588613088,3.625377643504532,28.523489932885905,39.682539682539684,27.568151595744684,1740750295.6002827
CYFRAGOVPL_Llama-PLLuM-8B-chat,30.129390018484287,40.56587398021177,3.3987915407854987,26.426174496644293,41.93121693121693,27.194148936170215,1740749344.3632188
CYFRAGOVPL_PLLuM-12B-base,22.36598890942699,43.72504773476827,2.8700906344410875,29.026845637583893,41.4021164021164,27.40192819148936,1740750647.7016912
CYFRAGOVPL_PLLuM-12B-chat,27.35674676524954,44.315223051553545,1.812688821752266,26.006711409395972,41.13756613756614,28.723404255319153,1740749638.8676262
CYFRAGOVPL_PLLuM-12B-nc-base,18.11460258780037,42.42319041833015,2.190332326283988,27.01342281879195,36.37566137566138,25.590093085106385,1740749815.6994736
CYFRAGOVPL_PLLuM-12B-nc-chat,23.475046210720887,45.59972227043916,1.2084592145015105,28.27181208053691,43.51851851851852,25.972406914893615,1740749456.3706048
CarrotAI_Llama-3.2-Rabbit-Ko-3B-Instruct,67.8373382624769,43.968061100503384,2.492447129909366,27.097315436241608,36.37566137566138,28.22473404255319,1734677190.1391551
CarrotAI_Llama-3.2-Rabbit-Ko-3B-Instruct-2412,40.48059149722736,43.55146675924318,17.220543806646525,29.278523489932883,38.62433862433862,31.341422872340424,1734599540.2791696
Casual-Autopsy_L3-Umbral-Mind-RP-v2.0-8B,66.91312384473198,52.50824509633745,10.120845921450151,28.691275167785236,36.77248677248677,37.234042553191486,1721639451.637672
CausalLM_14B,22.55083179297597,46.74535670890471,3.3232628398791544,30.285234899328863,41.53439153439153,32.21409574468085,1718575306.4594674
CausalLM_34b-beta,27.171903881700555,55.493837875368854,4.1540785498489425,34.64765100671141,37.43386243386244,53.24966755319149,1723515384.0045464
CausalLM_preview-1-hf,49.90757855822551,35.96597812879708,1.6616314199395772,26.174496644295303,34.12698412698413,35.97074468085106,1737918001.675404
Changgil_K2S3-14b-v0.2,26.247689463955638,45.96424231904183,4.531722054380665,28.104026845637588,39.15343915343915,26.437832446808514,1723498782.5429313
Changgil_K2S3-v0.1,26.80221811460259,46.311404270092,4.607250755287009,26.426174496644293,40.07936507936508,25.623337765957448,1723498759.127847
ClaudioItaly_Albacus,40.110905730129396,50.893942023954175,6.419939577039275,27.181208053691275,41.269841269841265,31.648936170212767,1726276366.0426452
ClaudioItaly_Book-Gut12B,33.08687615526802,54.05311577851067,8.761329305135952,30.70469798657718,46.2962962962963,36.702127659574465,1726672380.4770775
ClaudioItaly_Evolutionstory-7B-v2.2,41.95933456561922,50.84186773129665,6.419939577039275,27.516778523489933,41.269841269841265,31.590757978723406,1725347803.3984914
ClaudioItaly_intelligence-cod-rag-7b-v3,64.69500924214418,53.306717583752814,9.818731117824774,27.265100671140942,41.4021164021164,41.95478723404255,1733171453.6011689
CohereForAI_aya-23-35B,59.33456561922365,53.60180524214546,2.643504531722054,29.446308724832214,42.98941798941799,33.56050531914894,1718621996.227999
CohereForAI_aya-23-8B,41.21996303142329,42.562055198750215,1.4350453172205437,28.439597315436245,39.285714285714285,22.78091755319149,1718622139.9335964
CohereForAI_aya-expanse-32b,68.57670979667283,56.292310362784235,13.36858006042296,32.5503355704698,38.62433862433862,41.29820478723404,1729798453.746389
CohereForAI_aya-expanse-8b,58.225508317929766,49.418503731990974,7.02416918429003,30.285234899328863,37.16931216931217,30.03656914893617,1729783726.2537334
CohereForAI_c4ai-command-r-plus,72.82809611829944,58.13226870335011,7.552870090634441,30.536912751677853,48.01587301587302,39.918550531914896,1718810374.1902027
CohereForAI_c4ai-command-r-plus-08-2024,71.53419593345656,59.48620031244576,11.027190332326283,35.06711409395973,48.28042328042328,44.207114361702125,1726756922.603219
CohereForAI_c4ai-command-r-v01,62.661737523105366,53.51501475438292,0.0,30.70469798657718,45.10582010582011,33.69348404255319,1718622500.8399508
CohereForAI_c4ai-command-r7b-12-2024,73.56746765249538,54.938378753688596,26.661631419939575,30.87248322147651,41.13756613756614,35.72140957446808,1734695991.0200984
Columbia-NLP_LION-Gemma-2b-dpo-v1.0,25.87800369685767,38.864780420065955,4.305135951661631,24.916107382550333,41.13756613756614,16.65558510638298,1723522593.5301404
Columbia-NLP_LION-Gemma-2b-odpo-v1.0,24.399260628465804,38.621767054330846,3.7009063444108756,24.24496644295302,42.72486772486773,16.92154255319149,1723514236.172883
Columbia-NLP_LION-Gemma-2b-sft-v1.0,30.683918669131238,38.46554417635827,5.13595166163142,25.587248322147648,40.21164021164021,17.819148936170212,1723522686.0505505
Columbia-NLP_LION-LLaMA-3-8b-dpo-v1.0,43.992606284658045,49.835098073251174,9.06344410876133,28.104026845637588,40.87301587301587,32.18916223404255,1723522129.2270603
Columbia-NLP_LION-LLaMA-3-8b-odpo-v1.0,32.71719038817005,49.78302378059365,7.250755287009064,28.523489932885905,40.476190476190474,31.524268617021278,1723522563.2494154
Columbia-NLP_LION-LLaMA-3-8b-sft-v1.0,31.97781885397412,50.5294219753515,8.459214501510575,27.768456375838923,44.97354497354497,32.3720079787234,1723522778.9660668
CombinHorizon_Josiefied-abliteratedV4-Qwen2.5-14B-Inst-BaseMerge-TIES,79.66728280961183,63.46120465197015,0.0,32.466442953020135,42.46031746031746,49.79222074468085,1733545471.342338
CombinHorizon_Rombos-Qwen2.5-7B-Inst-BaseMerge-TIES,71.90388170055454,53.75802812011804,0.0,29.78187919463087,40.21164021164021,43.41755319148936,1730211567.8455348
CombinHorizon_YiSM-blossom5.1-34B-SLERP,44.54713493530499,61.777469189376845,19.788519637462233,35.57046979865772,44.047619047619044,47.40691489361702,1725294777.263124
CombinHorizon_huihui-ai-abliterated-Qwen2.5-32B-Inst-BaseMerge-TIES,79.11275415896488,68.98107967366776,0.0,33.89261744966443,41.93121693121693,57.20578457446809,1733560818.9848235
CombinHorizon_huihui-ai-abliteratedV2-Qwen2.5-14B-Inst-BaseMerge-TIES,78.74306839186691,63.13140079847249,0.0,31.45973154362416,42.46031746031746,49.10239361702128,1733549022.975441
CombinHorizon_zetasepic-abliteratedV2-Qwen2.5-32B-Inst-BaseMerge-TIES,80.59149722735674,69.2761673320604,0.0,36.74496644295302,42.98941798941799,56.84840425531915,1734736269.4235368
ContactDoctor_Bio-Medical-3B-CoT-012025,29.390018484288355,43.42996007637563,11.706948640483382,30.453020134228186,33.5978835978836,29.33843085106383,1736931084.2264755
ContactDoctor_Bio-Medical-Llama-3-8B,38.447319778188536,48.56795695191807,7.250755287009064,33.38926174496644,35.05291005291005,36.477726063829785,1735019914.8452177
CoolSpring_Qwen2-0.5B-Abyme,13.123844731977819,28.328415205693457,1.5105740181268883,25.335570469798657,35.317460317460316,13.331117021276595,1725610817.074491
CoolSpring_Qwen2-0.5B-Abyme-merge2,14.417744916820702,29.803853497656657,1.812688821752266,26.006711409395972,36.77248677248677,14.893617021276595,1722310586.709999
CoolSpring_Qwen2-0.5B-Abyme-merge3,17.744916820702404,29.821211595209164,2.1148036253776437,26.426174496644293,34.92063492063492,15.001662234042554,1722309417.1481838
Corianas_Neural-Mistral-7B,49.35304990757856,44.15900017358098,1.8882175226586102,28.355704697986578,38.62433862433862,27.376994680851062,1733494629.6135912
Corianas_Quokka_2.7b,12.199630314232902,30.203089741364348,0.3776435045317221,25.587248322147648,39.021164021164026,11.45279255319149,1733941242.8365736
Corianas_llama-3-reactor,16.266173752310536,44.55823641728867,4.380664652567976,29.78187919463087,39.682539682539684,28.008643617021278,1723483650.489627
CortexLM_btlm-7b-base-v0.2,10.720887245841034,39.87155007811144,1.0574018126888218,25.335570469798657,38.35978835978836,23.49567819148936,1723498736.6945286
Cran-May_SCE-2-24B,53.04990757855823,62.454434993924664,18.27794561933535,33.7248322147651,45.23809523809524,46.1186835106383,1738714870.0483134
Cran-May_SCE-3-24B,49.35304990757856,59.607706995313315,17.522658610271904,34.64765100671141,44.31216931216932,46.467752659574465,1738714869.9039416
Cran-May_T.E-8.1,66.35859519408503,55.5806283631314,6.3444108761329305,31.29194630872483,44.97354497354497,44.32347074468085,1727631769.4343488
Cran-May_merge_model_20250308_2,53.41959334565619,65.63096684603367,43.80664652567976,39.09395973154363,47.883597883597886,54.19714095744681,1741441857.475044
Cran-May_merge_model_20250308_3,54.5286506469501,62.40236070126714,25.45317220543807,32.21476510067114,43.12169312169312,49.617686170212764,1741442107.5080101
Cran-May_merge_model_20250308_4,38.632162661737524,66.42943933344905,41.99395770392749,39.76510067114094,46.82539682539682,53.665226063829785,1741442598.358751
Cran-May_tempmotacilla-cinerea-0308,49.53789279112754,65.6830411386912,43.80664652567976,37.41610738255034,47.22222222222222,53.881316489361694,1741442847.311777
CreitinGameplays_Llama-3.1-8B-R1-v0.1,24.76894639556377,30.25516403402187,18.12688821752266,25.838926174496645,36.11111111111111,12.516622340425531,1741650210.388244
CultriX_Qwen2.5-14B-Broca,50.09242144177449,65.07550772435341,34.59214501510574,38.6744966442953,47.61904761904761,53.64029255319149,1734973832.1371512
CultriX_Qwen2.5-14B-BrocaV9,62.47689463955638,63.61742752994272,29.68277945619335,36.40939597315436,46.82539682539682,53.30784574468085,1736821026.871801
CultriX_Qwen2.5-14B-Brocav3,64.69500924214418,64.31175143204305,32.25075528700906,35.90604026845637,47.48677248677249,53.1748670212766,1734996535.7009552
CultriX_Qwen2.5-14B-Brocav6,65.80406654343808,63.582711334837704,29.607250755287005,36.74496644295302,47.354497354497354,53.191489361702125,1734996889.6369903
CultriX_Qwen2.5-14B-Brocav7,62.292051756007396,64.17288665162299,31.87311178247734,36.74496644295302,47.883597883597886,52.576462765957444,1734996713.9606018
CultriX_Qwen2.5-14B-Emerged,65.06469500924214,62.40236070126714,30.74018126888218,35.738255033557046,46.82539682539682,51.86170212765957,1734649496.8189821
CultriX_Qwen2.5-14B-Emergedv3,58.225508317929766,61.63860440895677,20.694864048338367,36.07382550335571,47.22222222222222,51.73703457446809,1734829041.72909
CultriX_Qwen2.5-14B-FinalMerge,43.622920517560075,57.038708557542094,13.066465256797583,35.48657718120805,43.65079365079365,45.744680851063826,1734999984.3265963
CultriX_Qwen2.5-14B-Hyper,47.504621072088725,64.84985245617081,33.00604229607251,39.177852348993284,48.94179894179894,53.74002659574468,1737353688.4678786
CultriX_Qwen2.5-14B-HyperMarck-dl,61.182994454713494,60.80541572643639,52.87009063444109,36.74496644295302,44.047619047619044,50.90591755319149,1740447992.5134869
CultriX_Qwen2.5-14B-Hyperionv3,63.58595194085028,65.00607533414338,34.13897280966767,37.080536912751676,47.22222222222222,53.39926861702128,1737260310.052251
CultriX_Qwen2.5-14B-Hyperionv4,48.24399260628466,64.52004860267316,33.00604229607251,39.76510067114094,48.28042328042328,53.64029255319149,1737397127.850626
CultriX_Qwen2.5-14B-Hyperionv5,61.92236598890942,64.22496094428051,29.531722054380666,37.164429530201346,47.883597883597886,53.01695478723404,1737397005.6513875
CultriX_Qwen2.5-14B-MegaMerge-pt2,50.83179297597042,65.50946016316612,27.341389728096676,37.919463087248324,47.22222222222222,54.20545212765957,1729871956.5081358
CultriX_Qwen2.5-14B-MergeStock,50.27726432532348,65.54417635827113,29.380664652567972,37.332214765100666,46.69312169312169,53.9561170212766,1729768529.1290083
CultriX_Qwen2.5-14B-ReasoningMerge,38.632162661737524,65.71775733379621,52.0392749244713,40.77181208053691,51.587301587301596,53.449135638297875,1740435154.6062105
CultriX_Qwen2.5-14B-Ultimav2,48.428835489833645,65.40531157785107,37.839879154078545,38.50671140939597,49.60317460317461,54.17220744680851,1738714928.9769564
CultriX_Qwen2.5-14B-Unity,62.47689463955638,60.024301336573515,15.332326283987916,34.73154362416108,46.69312169312169,50.756316489361694,1734829041.797776
CultriX_Qwen2.5-14B-Wernicke,45.10166358595194,65.42266967540358,30.060422960725074,39.34563758389262,46.82539682539682,54.23869680851063,1729704960.7289104
CultriX_Qwen2.5-14B-Wernicke-SFT,42.513863216266174,64.43325811491061,35.80060422960725,35.40268456375839,38.88888888888889,50.69813829787234,1732065764.2773473
CultriX_Qwen2.5-14B-Wernicke-SLERP,49.90757855822551,64.19024474917549,9.441087613293051,34.395973154362416,41.269841269841265,50.939162234042556,1729885373.4732692
CultriX_Qwen2.5-14B-Wernickev3,65.06469500924214,61.65596250650929,32.779456193353475,36.241610738255034,47.08994708994709,51.5126329787234,1734649496.819524
CultriX_Qwen2.5-14B-partialmergept1,58.04066543438078,61.34351675056414,19.86404833836858,36.15771812080537,47.48677248677249,52.07779255319149,1737260914.7050395
CultriX_Qwenfinity-2.5-14B,41.95933456561922,56.292310362784235,14.879154078549849,34.899328859060404,44.97354497354497,44.98005319148936,1734982533.9560678
CultriX_Qwestion-14B,56.931608133086876,64.32910952959556,31.722054380664655,36.828859060402685,46.2962962962963,54.222074468085104,1732338335.0165043
CultriX_SeQwence-14B,47.31977818853974,64.91928484638083,33.987915407854985,36.07382550335571,46.56084656084656,54.18882978723404,1732093743.361993
CultriX_SeQwence-14B-EvolMerge,47.31977818853974,65.50946016316612,31.797583081570995,38.08724832214765,48.148148148148145,54.18882978723404,1732700657.2249558
CultriX_SeQwence-14B-EvolMergev1,48.98336414048059,65.24908869987848,32.477341389728096,37.667785234899334,46.164021164021165,53.931183510638306,1732707583.6258135
CultriX_SeQwence-14B-v5,53.04990757855823,65.02343343169589,31.042296072507554,36.99664429530201,47.08994708994709,54.147273936170215,1732059638.1118438
CultriX_SeQwence-14Bv1,61.737523105360445,63.218191286235026,33.53474320241692,36.15771812080537,46.95767195767196,53.199800531914896,1732700306.6613944
CultriX_SeQwence-14Bv2,51.571164510166355,62.80159694497483,21.6012084592145,36.07382550335571,45.8994708994709,53.34109042553191,1733674819.3752444
CultriX_SeQwence-14Bv3,50.83179297597042,62.76688074986981,22.129909365558913,36.49328859060403,46.164021164021165,53.34940159574468,1732737639.5598044
DRXD1000_Atlas-7B,30.683918669131238,32.82416247179309,0.22658610271903326,25.75503355704698,33.33333333333333,14.012632978723405,1733890135.6433053
DRXD1000_Phoenix-7B,26.062846580406656,39.00364520048603,0.0,27.85234899328859,38.35978835978836,23.429188829787233,1733895154.3220336
DUAL-GPO_zephyr-7b-ipo-0k-15k-i1,21.072088724584106,44.471445929526126,2.56797583081571,29.110738255033556,41.66666666666667,31.299867021276594,1727093016.113981
DZgas_GIGABATEMAN-7B,40.110905730129396,50.147543829196316,4.758308157099698,28.942953020134226,43.25396825396825,31.765292553191486,1726642778.0744727
Daemontatox_AetherDrake-SFT,41.21996303142329,48.44645026905051,14.652567975830816,32.04697986577181,40.87301587301587,34.99002659574468,1735155560.238782
Daemontatox_AetherSett,47.31977818853974,54.38291963200833,30.74018126888218,30.788590604026844,46.03174603174603,42.78590425531915,1735567064.3710883
Daemontatox_AetherTOT,35.67467652495379,50.40791529248394,14.954682779456194,32.38255033557047,40.74074074074074,38.040226063829785,1735406493.7321439
Daemontatox_AetherUncensored,34.195933456561924,44.59295261239368,6.797583081570997,28.859060402684566,37.43386243386244,27.102726063829785,1736760185.429762
Daemontatox_Cogito-MIS,11.829944547134936,50.477347682693974,8.610271903323262,25.671140939597315,37.56613756613756,14.353390957446807,1739909134.9405708
Daemontatox_CogitoDistil,20.51756007393715,36.53879534802986,10.498489425981873,25.922818791946305,37.43386243386244,26.25498670212766,1737627582.452067
Daemontatox_CogitoZ,34.380776340110906,66.98489845512931,46.299093655589125,39.51342281879195,47.883597883597886,55.925864361702125,1736316430.7531953
Daemontatox_CogitoZ14,62.47689463955638,62.836313140079845,20.770392749244714,31.62751677852349,40.476190476190474,39.993351063829785,1736303197.1926048
Daemontatox_DocumentCogito,43.253234750462106,51.050164901926756,16.238670694864048,31.62751677852349,39.682539682539684,38.02360372340425,1736994005.120974
Daemontatox_Llama3.3-70B-CogniLink,64.87985212569316,66.68981079673668,39.577039274924466,44.54697986577181,48.67724867724868,51.72872340425532,1736821023.2455206
Daemontatox_Llama_cot,71.71903881700554,47.94306544002777,20.241691842900302,29.110738255033556,38.62433862433862,35.1811835106383,1741493802.4124777
Daemontatox_MawaredT1,34.93530499075786,51.88335358444714,14.577039274924472,33.47315436241611,46.95767195767196,47.18251329787234,1736158270.0017776
Daemontatox_Mini_QwQ,38.262476894639555,55.30289880229127,28.172205438066467,30.369127516778523,46.82539682539682,43.7250664893617,1737041523.4805646
Daemontatox_NemoR,17.929759704251385,51.88335358444714,8.08157099697885,32.718120805369125,39.021164021164026,32.903922872340424,1735675001.0569794
Daemontatox_PathFinderAI2.0,34.56561922365989,66.5335879187641,45.61933534743202,39.51342281879195,48.41269841269841,56.05053191489362,1735581333.6861725
Daemontatox_PathFinderAi3.0,37.33826247689464,68.47769484464503,48.338368580060425,40.855704697986575,48.01587301587302,57.571476063829785,1735666690.0797987
Daemontatox_PathfinderAI,31.97781885397412,66.27321645547649,47.583081570996974,39.42953020134228,48.544973544973544,55.934175531914896,1735155560.1385596
Daemontatox_Phi-4-COT,13.67837338262477,61.53445582364173,18.35347432024169,33.557046979865774,45.23809523809524,50.0498670212766,1736821026.7334936
Daemontatox_PixelParse_AI,35.85951940850277,50.09546953653879,14.425981873111782,32.38255033557047,40.476190476190474,37.78257978723404,1735445059.9705572
Daemontatox_RA2.0,31.79297597042514,48.65474743968061,33.91238670694864,30.536912751677853,40.87301587301587,26.163563829787233,1735753908.864074
Daemontatox_RA_Reasoner,50.09242144177449,60.354105190071174,20.090634441087612,33.13758389261745,39.55026455026455,43.00199468085106,1735163217.8380034
Daemontatox_RA_Reasoner2.0,47.13493530499076,60.49296997049124,22.885196374622357,32.466442953020135,38.75661375661375,43.53390957446808,1735496234.004142
Daemontatox_ReasonTest,33.271719038817004,54.07047387606318,15.634441087613293,31.879194630872483,43.12169312169312,42.71941489361702,1735674005.4187202
Daemontatox_Research_PathfinderAI,27.171903881700555,28.363131400798476,16.993957703927492,24.07718120805369,33.86243386243386,11.303191489361703,1740417727.7324038
Daemontatox_SphinX,50.83179297597042,54.26141294914078,24.546827794561935,29.78187919463087,44.047619047619044,43.658577127659576,1735674618.439504
Daemontatox_Sphinx2.0,67.28280961182995,64.48533240756814,2.719033232628399,29.36241610738255,42.46031746031746,51.83676861702128,1735570014.8461947
Daemontatox_TinySphinx,18.484288354898336,32.89359486200312,0.0,27.348993288590606,33.2010582010582,16.97972074468085,1735673268.512655
Daemontatox_TinySphinx2.0,19.408502772643253,31.48758896024996,2.643504531722054,26.845637583892618,33.730158730158735,17.31216755319149,1735673087.225738
Daemontatox_Zirel-7B-Math,61.552680221811464,54.191980558930744,19.788519637462233,32.63422818791946,47.883597883597886,42.37034574468085,1740783099.9336345
Daemontatox_Zirel_1.5,36.22920517560074,39.593820517271304,11.329305135951662,26.006711409395972,36.507936507936506,21.434507978723406,1741088290.445322
Daemontatox_mini-Cogito-R1,17.190388170055453,32.66793959382051,27.492447129909365,28.691275167785236,34.39153439153439,14.818816489361703,1740414658.5035098
Daemontatox_mini_Pathfinder,22.181146025878004,39.350807151536195,21.90332326283988,25.838926174496645,37.698412698412696,28.091755319148938,1737406869.2971234
Dampfinchen_Llama-3.1-8B-Ultra-Instruct,77.44916820702403,52.50824509633745,14.954682779456194,29.194630872483224,39.94708994708995,38.2563164893617,1725292701.3147118
Danielbrdz_Barcenas-10b,60.81330868761553,61.01371289706648,20.166163141993955,34.144295302013425,41.269841269841265,43.60871010638298,1736201537.5325773
Danielbrdz_Barcenas-14b-Phi-3-medium-ORPO,39.37153419593346,64.25967713938552,14.350453172205437,33.808724832214764,48.28042328042328,46.891622340425535,1723457928.205378
Danielbrdz_Barcenas-14b-phi-4,4.436229205175601,67.48828328415206,25.528700906344408,38.33892617449665,50.92592592592593,51.74534574468085,1737917387.401462
Danielbrdz_Barcenas-14b-phi-4-v2,21.441774491682068,65.75247352890123,31.797583081570995,37.835570469798654,43.91534391534391,52.43517287234043,1738715076.8909929
Danielbrdz_Barcenas-3b-GRPO,47.13493530499076,44.08956778337094,13.746223564954683,29.026845637583893,35.714285714285715,30.36901595744681,1740429584.5378456
Danielbrdz_Barcenas-Llama3-8b-ORPO,69.87060998151571,49.62680090262107,5.740181268882175,30.70469798657718,41.7989417989418,38.297872340425535,1722314924.928472
Danielbrdz_Barcenas-R1-Qwen-1.5b,17.744916820702404,35.74032286061448,26.586102719033235,30.369127516778523,35.317460317460316,19.090757978723406,1737917592.9480605
Dans-DiscountModels_12b-mn-dans-reasoning-test-2,31.053604436229204,47.70005207429266,6.3444108761329305,27.348993288590606,36.904761904761905,25.074800531914892,1741387228.6415951
Dans-DiscountModels_12b-mn-dans-reasoning-test-3,45.65619223659889,48.29022739107794,7.779456193353475,27.097315436241608,41.53439153439153,25.157912234042552,1741566064.0861957
Dans-DiscountModels_Dans-Instruct-CoreCurriculum-12b-ChatML,3.3271719038817005,52.334664120812356,3.7764350453172204,30.536912751677853,41.7989417989418,35.80452127659575,1725509576.9827583
Dans-DiscountModels_Dans-Instruct-Mix-8b-ChatML,4.990757855822551,47.1445929526124,4.758308157099698,29.446308724832214,39.15343915343915,32.878989361702125,1726459513.7067237
Dans-DiscountModels_Dans-Instruct-Mix-8b-ChatML-V0.1.0,4.251386321626617,47.578545391425095,5.287009063444108,28.60738255033557,37.83068783068783,32.8374335106383,1726892870.395545
Dans-DiscountModels_Dans-Instruct-Mix-8b-ChatML-V0.1.1,6.099815157116451,47.248741537927444,4.909365558912387,29.110738255033556,38.22751322751323,32.7875664893617,1727091215.753671
Dans-DiscountModels_Dans-Instruct-Mix-8b-ChatML-V0.2.0,45.28650646950093,46.05103280680438,4.078549848942599,29.36241610738255,36.37566137566138,29.99501329787234,1727686029.9576166
Dans-DiscountModels_Mistral-7b-v0.3-Test-E0.7,44.91682070240296,47.38760631834751,3.2477341389728096,29.61409395973154,39.94708994708995,27.44348404255319,1731885743.9459567
Dans-DiscountModels_mistral-7b-test-merged,61.367837338262476,48.758896024995664,4.1540785498489425,30.536912751677853,35.84656084656085,29.31349734042553,1732688685.4050567
Darkknight535_OpenCrystal-12B-L3,33.45656192236599,51.98750216976219,7.930513595166164,30.620805369127517,36.507936507936506,36.402925531914896,1725322191.6929715
DavidAU_DeepHermes-3-Llama-3-8B-Preview-16.5B-Brainstorm,24.58410351201479,47.43968061100504,10.574018126888216,31.3758389261745,39.285714285714285,32.08942819148936,1741574965.0415416
DavidAU_DeepSeek-BlackRoot-R1-Distill-Llama-3.1-8B,29.57486136783734,48.60267314702308,6.570996978851963,31.79530201342282,43.12169312169312,29.762300531914892,1741575984.118211
DavidAU_DeepSeek-Grand-Horror-SMB-R1-Distill-Llama-3.1-16B,18.484288354898336,44.61031070994619,2.9456193353474323,31.3758389261745,41.53439153439153,27.09441489361702,1741576803.2594056
DavidAU_DeepSeek-MOE-4X8B-R1-Distill-Llama-3.1-Deep-Thinker-Uncensored-24B,31.608133086876155,48.672105537233115,8.157099697885197,32.29865771812081,43.65079365079365,30.244348404255316,1741576262.1098003
DavidAU_DeepSeek-MOE-4X8B-R1-Distill-Llama-3.1-Mad-Scientist-24B,27.35674676524954,47.71741017184517,7.552870090634441,33.7248322147651,42.195767195767196,29.695811170212767,1741575731.8073666
DavidAU_DeepSeek-R1-Distill-Qwen-25.5B-Brainstorm,27.911275415896487,58.13226870335011,55.36253776435045,38.59060402684564,51.455026455026456,46.23503989361702,1741575208.0364103
DavidAU_DeepSeek-V2-Grand-Horror-SMB-R1-Distill-Llama-3.1-Uncensored-16.5B,21.811460258780038,44.402013539316094,1.7371601208459215,30.536912751677853,41.66666666666667,27.77593085106383,1741576533.7109191
DavidAU_DeepThought-MOE-8X3B-R1-Llama-3.2-Reasoning-18B,31.97781885397412,42.180177052595035,10.80060422960725,27.936241610738254,35.58201058201058,27.20246010638298,1741574698.7550642
DavidAU_Gemma-The-Writer-9B,16.820702402957487,58.91338309321298,0.0,34.56375838926174,40.87301587301587,39.7938829787234,1736821028.9721615
DavidAU_Gemma-The-Writer-DEADLINE-10B,21.811460258780038,58.896024995660476,1.6616314199395772,34.22818791946309,41.7989417989418,39.461436170212764,1736821033.0545294
DavidAU_Gemma-The-Writer-J.GutenBerg-10B,27.54158964879852,59.03488977608055,3.7764350453172204,33.808724832214764,41.66666666666667,39.469747340425535,1736821028.2489066
DavidAU_Gemma-The-Writer-Mighty-Sword-9B,71.53419593345656,59.00017358097552,0.0,34.81543624161073,41.00529100529101,39.67752659574468,1736821028.7608905
DavidAU_Gemma-The-Writer-N-Restless-Quill-10B-Uncensored,66.35859519408503,59.13903836139559,0.0755287009063444,34.144295302013425,41.53439153439153,39.66090425531915,1736821028.252979
DavidAU_L3-DARKEST-PLANET-16.5B,56.74676524953789,52.16108314528728,9.138972809667674,29.53020134228188,37.43386243386244,36.3031914893617,1736821027.324562
DavidAU_L3-Dark-Planet-8B,33.64140480591497,50.59885436556153,7.477341389728097,30.033557046979865,36.11111111111111,37.36702127659575,1726274717.161007
DavidAU_L3-Jamet-12.2B-MK.V-Blackroot-Instruct,32.71719038817005,47.40496441590002,4.078549848942599,27.85234899328859,40.07936507936508,32.91223404255319,1726075980.9892144
DavidAU_L3-Lumimaid-12.2B-v0.1-OAS-Instruct,31.23844731977819,46.72799861135219,3.8519637462235647,27.684563758389263,41.7989417989418,31.416223404255316,1726275199.3713214
DavidAU_L3-SMB-Instruct-12.2B-F32,36.78373382624769,47.613261586530115,4.078549848942599,28.187919463087248,40.74074074074074,33.12001329787234,1726274998.1910071
DavidAU_L3-Stheno-Maid-Blackroot-Grand-HORROR-16B,27.171903881700555,47.179309147717404,1.5861027190332326,27.097315436241608,40.21164021164021,35.70478723404255,1725925527.572303
DavidAU_L3-Stheno-v3.2-12.2B-Instruct,32.71719038817005,48.09928831800035,4.984894259818732,27.516778523489933,40.87301587301587,33.45246010638298,1726275218.8976116
DavidAU_L3.1-Dark-Planet-SpinFire-Uncensored-8B,65.4343807763401,52.421454608574905,9.290030211480364,27.936241610738254,35.317460317460316,36.702127659574465,1736784099.610464
DavidAU_L3.1-MOE-2X8B-Deepseek-DeepHermes-e32-uncensored-abliterated-13.7B,26.617375231053604,44.43672973442111,26.057401812688823,31.3758389261745,37.43386243386244,28.92287234042553,1741573690.7500145
DavidAU_Qwen2.5-MOE-2X1.5B-DeepSeek-Uncensored-Censored-4B,13.123844731977819,29.942718278076725,2.492447129909366,25.922818791946305,37.03703703703704,11.419547872340425,1741574185.967568
DavidAU_Qwen2.5-MOE-2X7B-DeepSeek-Abliterated-Censored-19B,21.811460258780038,35.636174275299425,24.169184290030213,26.51006711409396,38.35978835978836,16.36469414893617,1741573911.111165
DavidAU_Qwen2.5-MOE-6x1.5B-DeepSeek-Reasoning-e32,15.157116451016636,32.6332233987155,6.646525679758309,24.748322147651006,33.99470899470899,11.220079787234043,1741574452.2376919
Davidsv_SUONG-1,17.929759704251385,27.755597986460685,0.0,24.41275167785235,35.714285714285715,10.85438829787234,1740414404.1360877
DavieLion_Llama-3.2-1B-SPIN-iter0,10.35120147874307,28.953306717583754,0.0,25.335570469798657,35.58201058201058,11.253324468085106,1735439264.390801
DavieLion_Llama-3.2-1B-SPIN-iter1,10.166358595194085,29.109529595556328,0.0,25.083892617449667,36.37566137566138,11.178523936170212,1735456382.3923945
DavieLion_Llama-3.2-1B-SPIN-iter2,9.057301293900185,29.352542961291444,0.0,25.419463087248324,35.44973544973545,11.28656914893617,1735463656.249647
DavieLion_Llama-3.2-1B-SPIN-iter3,8.133086876155268,29.30046866863392,0.0,25.335570469798657,34.92063492063492,11.278257978723403,1735452816.376864
DavieLion_Lllma-3.2-1B,11.645101663585953,29.352542961291444,0.0,24.41275167785235,35.714285714285715,11.261635638297872,1735284490.5686738
DebateLabKIT_Llama-3.1-Argunaut-1-8B-SFT,49.35304990757856,48.029855927790315,11.178247734138973,28.355704697986578,44.97354497354497,34.724069148936174,1735859653.373485
Deci_DeciLM-7B,20.88724584103512,43.950703002950874,2.416918429003021,29.53020134228188,43.51851851851852,26.919880319148938,1718573026.8345191
Deci_DeciLM-7B-instruct,42.329020332717185,45.6865127582017,2.794561933534743,28.942953020134226,38.75661375661375,26.080452127659576,1718573119.4388602
DeepAutoAI_Explore_Llama-3.1-8B-Inst,74.12199630314234,51.050164901926756,17.522658610271904,28.355704697986578,39.021164021164026,37.9155585106383,1726938012.3255763
DeepAutoAI_Explore_Llama-3.2-1B-Inst,51.20147874306839,34.64676271480646,4.531722054380665,26.174496644295303,31.878306878306876,17.478390957446805,1728286758.0055628
DeepAutoAI_Explore_Llama-3.2-1B-Inst_v0,49.35304990757856,33.43169588613088,4.229607250755287,26.34228187919463,30.952380952380953,18.035239361702125,1728384970.2306337
DeepAutoAI_Explore_Llama-3.2-1B-Inst_v1,43.622920517560075,31.036278423884745,1.283987915407855,24.496644295302016,37.698412698412696,12.691156914893616,1728468483.5096064
DeepAutoAI_Explore_Llama-3.2-1B-Inst_v1.1,41.58964879852125,30.932129838569693,1.3595166163141994,26.76174496644295,35.978835978835974,12.749335106382977,1728468677.7211645
DeepAutoAI_causal_gpt2,12.754158964879853,29.942718278076725,0.22658610271903326,26.006711409395972,42.592592592592595,11.311502659574469,1729145378.276096
DeepAutoAI_d2nwg_Llama-3.1-8B-Instruct-v0.0,75.6007393715342,50.45998958514147,7.930513595166164,29.194630872483224,41.269841269841265,38.77160904255319,1726098232.106956
DeepAutoAI_d2nwg_causal_gpt2,13.863216266173753,29.925360180524212,0.3776435045317221,25.75503355704698,42.857142857142854,11.51097074468085,1729215060.739235
DeepAutoAI_d2nwg_causal_gpt2_v1,14.417744916820702,29.56084013192154,0.1510574018126888,25.838926174496645,43.25396825396825,11.353058510638297,1729272908.6922462
DeepAutoAI_ldm_soup_Llama-3.1-8B-Inst,77.07948243992607,50.859225828849155,11.555891238670695,28.942953020134226,41.53439153439153,38.86303191489361,1726590003.821347
DeepAutoAI_ldm_soup_Llama-3.1-8B-Instruct-v0.0,75.41589648798521,50.893942023954175,10.42296072507553,29.110738255033556,41.13756613756614,38.95445478723404,1726446078.7922862
DeepAutoAI_ldm_soup_Llama-3.1-8B-Instruct-v0.1,75.41589648798521,50.893942023954175,10.42296072507553,29.110738255033556,41.13756613756614,38.95445478723404,1726482900.5801542
DeepMount00_Lexora-Lite-3B,53.04990757855823,48.429092171498006,9.743202416918429,27.432885906040266,39.55026455026455,36.02061170212766,1729441825.5416932
DeepMount00_Lexora-Lite-3B_v2,44.54713493530499,47.9951397326853,22.80966767371601,27.097315436241608,38.095238095238095,35.43882978723404,1740530974.4366355
DeepMount00_Lexora-Medium-7B,35.304990757855826,51.1543134872418,13.746223564954683,30.536912751677853,44.31216931216932,43.25132978723404,1727180481.1734104
DeepMount00_Llama-3-8b-Ita,71.34935304990758,49.17549036625586,5.362537764350453,30.536912751677853,42.592592592592595,38.522273936170215,1723521752.44688
DeepMount00_Llama-3.1-8b-ITA,46.02587800369686,51.39732685297691,17.069486404833835,30.620805369127517,44.84126984126984,39.602726063829785,1726663981.619067
DeepMount00_Llama-3.1-Distilled,74.86136783733826,50.68564485332408,15.55891238670695,30.369127516778523,40.476190476190474,37.815824468085104,1729871864.2714565
DeepMount00_Qwen2-1.5B-Ita,46.39556377079482,39.47231383440375,11.404833836858005,26.25838926174497,34.92063492063492,27.71775265957447,1740774948.0809295
DeepMount00_Qwen2-1.5B-Ita_v2,44.36229205175601,39.21194237111612,9.667673716012084,25.922818791946305,36.904761904761905,30.319148936170215,1741245883.0025353
DeepMount00_Qwen2-1.5B-Ita_v3,43.253234750462106,39.12515188335359,10.42296072507553,25.335570469798657,37.301587301587304,30.17785904255319,1741250655.7651823
DeepMount00_Qwen2-1.5B-Ita_v5,43.992606284658045,39.94098246832147,11.782477341389729,25.419463087248324,34.12698412698413,29.429853723404253,1741613462.652971
DeepMount00_Qwen2-1.5B-Ita_v6,23.290203327171906,42.110744662385,8.459214501510575,28.27181208053691,37.43386243386244,28.715093085106385,1741623532.0146508
DeepMount00_Qwen2.5-7B-Instruct-MathCoder,9.981515711645102,29.66498871723659,0.0,26.25838926174497,37.96296296296296,11.178523936170212,1729871863.9573479
DeepMount00_mergekit-ties-okvgjfz,9.981515711645102,29.66498871723659,0.0,26.25838926174497,37.96296296296296,11.178523936170212,1729871864.6190352
Delta-Vector_Baldur-8B,40.48059149722736,52.92483943759764,12.613293051359516,30.201342281879196,43.65079365079365,36.54421542553192,1728255359.197997
Delta-Vector_Control-8B,49.72273567467653,50.28640860961639,13.746223564954683,31.62751677852349,43.51851851851852,37.31715425531915,1732573898.658496
Delta-Vector_Control-8B-V1.1,51.940850277264325,49.74830758548863,12.462235649546828,30.70469798657718,42.32804232804233,37.4501329787234,1732574062.1514652
Delta-Vector_Darkens-8B,19.77818853974122,52.2131574379448,5.0604229607250755,32.466442953020135,41.00529100529101,37.35871010638298,1728255358.091729
Delta-Vector_Henbane-7b-attempt2,35.304990757855826,50.251692414511375,20.694864048338367,29.026845637583893,39.682539682539684,40.275930851063826,1728618089.560087
Delta-Vector_Odin-9B,30.31423290203327,54.209338656483254,12.537764350453173,34.144295302013425,46.42857142857143,40.46708776595745,1728276085.6047833
Delta-Vector_Tor-8B,18.853974121996302,51.84863738934212,5.438066465256798,32.38255033557047,40.87301587301587,37.30053191489361,1728276188.1651065
DevQuasar_DevQuasar-R1-Uncensored-Llama-8B,31.053604436229204,51.08488109703176,33.081570996978854,34.73154362416108,44.31216931216932,36.14527925531915,1740429587.727648
Dongwei_DeepSeek-R1-Distill-Qwen-7B-GRPO,33.271719038817004,34.1086616906787,0.0,27.936241610738254,36.507936507936506,23.221409574468087,1738790004.7160246
DoppelReflEx_L3-8B-R1-WolfCore,29.944547134935306,53.02898802291269,16.314199395770395,32.88590604026846,42.72486772486773,37.16755319148936,1740729187.4596872
DoppelReflEx_L3-8B-R1-WolfCore-V1.5-test,31.97781885397412,52.95955563270266,12.311178247734139,32.63422818791946,38.35978835978836,37.27559840425532,1740807371.023743
DoppelReflEx_L3-8B-WolfCore,32.71719038817005,51.64034021871203,9.818731117824774,30.956375838926174,39.682539682539684,37.05119680851064,1740753842.4274793
DoppelReflEx_MN-12B-FoxFrame-test,36.59889094269871,54.33084533935081,8.308157099697885,30.788590604026844,42.46031746031746,35.031582446808514,1738821185.4951563
DoppelReflEx_MN-12B-FoxFrame2-test,37.33826247689464,54.59121680263843,14.04833836858006,31.45973154362416,42.46031746031746,35.68816489361702,1739908440.0397997
DoppelReflEx_MN-12B-FoxFrame3-test,38.262476894639555,53.61916333969797,13.217522658610273,30.11744966442953,45.8994708994709,35.28922872340425,1739909150.8517091
DoppelReflEx_MN-12B-Kakigori,30.499075785582253,53.8968929005381,11.48036253776435,32.466442953020135,40.476190476190474,35.812832446808514,1738128857.8334208
DoppelReflEx_MN-12B-LilithFrame,38.632162661737524,49.106057976045825,5.966767371601208,31.963087248322147,38.88888888888889,32.56316489361702,1738129058.9667723
DoppelReflEx_MN-12B-LilithFrame-Experiment-2,36.22920517560074,49.54001041485853,6.117824773413897,32.5503355704698,37.96296296296296,32.7626329787234,1738141341.9346385
DoppelReflEx_MN-12B-LilithFrame-Experiment-3,35.67467652495379,54.41763582711335,12.990936555891238,32.802013422818796,40.34391534391534,36.03723404255319,1738203903.1226869
DoppelReflEx_MN-12B-LilithFrame-Experiment-4,33.826247689463955,55.02516924145113,10.574018126888216,31.711409395973156,43.65079365079365,36.48603723404255,1738393905.3367739
DoppelReflEx_MN-12B-Mimicore-GreenSnake,41.40480591497228,54.59121680263843,12.990936555891238,32.466442953020135,42.98941798941799,36.51097074468085,1737948803.8579614
DoppelReflEx_MN-12B-Mimicore-Nocturne,33.08687615526802,56.778337094254475,10.574018126888216,31.963087248322147,45.63492063492063,36.336436170212764,1741483285.0206687
DoppelReflEx_MN-12B-Mimicore-Orochi,40.85027726432532,54.62593299774344,11.253776435045317,31.29194630872483,45.370370370370374,34.466422872340424,1738038132.5178285
DoppelReflEx_MN-12B-Mimicore-Orochi-v2-Experiment,24.953789279112755,52.8554070473876,0.4531722054380665,29.78187919463087,45.63492063492063,34.23371010638298,1738048307.779901
DoppelReflEx_MN-12B-Mimicore-Orochi-v3-Experiment,36.22920517560074,54.13990626627322,5.664652567975831,29.278523489932883,44.31216931216932,33.9594414893617,1738052354.8539903
DoppelReflEx_MN-12B-Mimicore-Orochi-v4-Experiment,36.41404805914972,54.24405485158827,10.27190332326284,30.536912751677853,44.44444444444444,35.197805851063826,1738062271.8374093
DoppelReflEx_MN-12B-Mimicore-WhiteSnake,38.632162661737524,55.667418850893945,11.706948640483382,31.79530201342282,45.63492063492063,36.57746010638298,1737948545.8513875
DoppelReflEx_MN-12B-Mimicore-WhiteSnake-v2-Experiment-1,33.45656192236599,48.44645026905051,1.6616314199395772,30.536912751677853,37.83068783068783,31.141954787234045,1738112782.1298296
DoppelReflEx_MN-12B-Mimicore-WhiteSnake-v2-Experiment-2,36.96857670979667,51.570907828502,4.45619335347432,31.04026845637584,39.94708994708995,33.41921542553192,1738113965.129891
DoppelReflEx_MN-12B-Mimicore-WhiteSnake-v2-Experiment-3,36.04436229205176,47.71741017184517,2.794561933534743,30.201342281879196,36.77248677248677,31.981382978723406,1738113371.2949517
DoppelReflEx_MN-12B-Mimicore-WhiteSnake-v2-Experiment-4,36.96857670979667,51.570907828502,4.45619335347432,31.04026845637584,39.94708994708995,33.41921542553192,1738114361.228701
DoppelReflEx_MN-12B-Unleashed-Twilight,29.57486136783734,54.97309494879361,9.592145015105741,32.88590604026846,43.783068783068785,36.77692819148936,1740413274.6335077
DoppelReflEx_MN-12B-WolFrame,37.707948243992604,50.859225828849155,7.552870090634441,31.04026845637584,40.07936507936508,33.9345079787234,1738414733.0593324
DoppelReflEx_MiniusLight-24B,19.038817005545287,62.36764450616212,12.613293051359516,35.822147651006716,43.12169312169312,50.91422872340425,1741056699.1053407
DoppelReflEx_MiniusLight-24B-test,2.957486136783734,63.20083318868252,2.56797583081571,36.828859060402685,40.87301587301587,51.82014627659575,1741061596.7040193
DoppelReflEx_MiniusLight-24B-v1b-test,30.499075785582253,65.9086964068738,23.94259818731118,37.919463087248324,45.5026455026455,53.64860372340425,1741061596.2777998
DoppelReflEx_MiniusLight-24B-v1c-test,33.08687615526802,67.3667766012845,29.68277945619335,39.51342281879195,46.2962962962963,54.87034574468085,1741113731.1899621
DoppelReflEx_MiniusLight-24B-v1d-test,36.04436229205176,66.93282416247179,29.45619335347432,39.51342281879195,46.164021164021165,54.88696808510638,1741331498.9116478
DreadPoor_Again-8B-Model_Stock,62.661737523105366,52.97691373025516,11.48036253776435,30.11744966442953,39.81481481481482,35.1811835106383,1734498672.8929372
DreadPoor_Alita99-8B-LINEAR,68.02218114602587,54.26141294914078,16.46525679758308,31.62751677852349,42.592592592592595,38.09009308510639,1732610853.6426234
DreadPoor_AnotherTest,40.29574861367837,46.554417635827114,4.380664652567976,29.78187919463087,42.06349206349206,28.748337765957448,1738116336.8026516
DreadPoor_Aspire-8B-model_stock,66.91312384473198,52.61239368165249,12.990936555891238,31.45973154362416,42.06349206349206,37.63297872340425,1726669408.0035002
DreadPoor_Aspire_1.3-8B_model-stock,66.17375231053605,52.89012324249263,16.91842900302115,30.788590604026844,41.00529100529101,37.1592420212766,1730913649.1688225
DreadPoor_Aspire_V2-8B-Model_Stock,69.13123844731977,53.20256899843777,17.598187311178247,32.04697986577181,38.88888888888889,36.96808510638298,1737352469.4959152
DreadPoor_Aspire_V2.1-8B-Model_Stock,67.65249537892791,52.247873633049814,17.673716012084594,30.956375838926174,41.269841269841265,38.00698138297872,1737397362.6746166
DreadPoor_Aspire_V2_ALT-8B-Model_Stock,69.68576709796673,52.54296129144246,17.29607250755287,32.466442953020135,39.682539682539684,37.26728723404255,1737353571.6107895
DreadPoor_Aspire_V2_ALT_ROW-8B-Model_Stock,69.68576709796673,52.54296129144246,17.29607250755287,32.466442953020135,39.682539682539684,37.26728723404255,1737353836.1140497
DreadPoor_Aspire_V3-8B-Model_Stock,43.622920517560075,52.629751779205,18.580060422960727,30.536912751677853,40.07936507936508,36.419547872340424,1737496202.2180002
DreadPoor_Aspire_V4-8B-Model_Stock,72.82809611829944,53.081062315570215,19.259818731117825,30.453020134228186,38.62433862433862,37.0844414893617,1737627146.6994238
DreadPoor_Aspire_V4_ALT-8B-Model_Stock,69.50092421441775,52.629751779205,18.12688821752266,32.04697986577181,39.15343915343915,36.81848404255319,1737627469.6550808
DreadPoor_Asymmetric_Linearity-8B-Model_Stock,67.46765249537893,54.48706821732338,16.46525679758308,31.45973154362416,41.93121693121693,38.43916223404255,1734704608.2773645
DreadPoor_Aurora_faustus-8B-LINEAR,68.76155268022181,54.99045304634612,17.069486404833835,30.70469798657718,41.4021164021164,38.42253989361702,1727319145.9801695
DreadPoor_Aurora_faustus-8B-LORABLATED,71.1645101663586,53.82746051032807,14.879154078549849,30.201342281879196,42.32804232804233,36.727061170212764,1727612277.925663
DreadPoor_Aurora_faustus-8B-LORABLATED_ALT,69.50092421441775,53.77538621767054,15.861027190332328,29.86577181208054,42.195767195767196,36.94315159574468,1727612278.6243908
DreadPoor_Autumn_Dawn-8B-LINEAR,68.76155268022181,54.38291963200833,18.580060422960727,29.36241610738255,41.7989417989418,39.67752659574468,1738427947.2053535
DreadPoor_BaeZel-8B-LINEAR,69.50092421441775,54.504426314875886,18.12688821752266,32.13087248322148,42.195767195767196,38.61369680851064,1731230323.8554645
DreadPoor_BaeZel-8B-Model_Stock,73.56746765249538,53.8968929005381,16.389728096676738,31.3758389261745,41.93121693121693,38.80485372340425,1735497260.821396
DreadPoor_BaeZel_V2-8B-Model_Stock,73.19778188539742,53.51501475438292,17.97583081570997,29.949664429530205,41.7989417989418,39.469747340425535,1738091655.8676171
DreadPoor_BaeZel_V2_ALT-8B-Model_Stock,73.19778188539742,53.51501475438292,17.97583081570997,29.949664429530205,41.7989417989418,39.469747340425535,1738091449.3798273
DreadPoor_BaeZel_V3-8B-Model_Stock,74.86136783733826,53.75802812011804,18.957703927492446,32.04697986577181,41.66666666666667,38.87965425531915,1736758212.011752
DreadPoor_Blunt_Edge-8B-SLERP,70.79482439926062,53.74067002256553,18.580060422960727,31.1241610738255,41.66666666666667,37.66622340425532,1737164670.1364713
DreadPoor_BulkUp,11.460258780036968,28.27634091303593,0.0,24.748322147651006,34.39153439153439,11.095412234042554,1737996407.9727044
DreadPoor_Cadence-8B-LINEAR,72.82809611829944,54.13990626627322,16.76737160120846,30.285234899328863,41.66666666666667,38.03191489361702,1740512262.2128248
DreadPoor_Caelid-8B-Model_Stock,68.20702402957485,54.434993924665854,15.105740181268882,31.04026845637584,39.94708994708995,38.16489361702128,1736892840.0575032
DreadPoor_Casuar-9B-Model_Stock,74.12199630314234,60.94428050685645,21.299093655589125,34.47986577181208,41.53439153439153,41.56416223404255,1734784736.706982
DreadPoor_Condensed_Milk-8B-Model_Stock,71.34935304990758,54.15726436382573,17.447129909365557,32.13087248322148,41.53439153439153,38.763297872340424,1732718047.6545715
DreadPoor_CoolerCoder-8B-LINEAR,39.186691312384475,47.45703870855754,7.930513595166164,29.026845637583893,39.55026455026455,31.590757978723406,1732191762.671467
DreadPoor_Damasteel-8B-LINEAR,69.87060998151571,53.723311925013014,16.691842900302113,29.86577181208054,42.06349206349206,37.79089095744681,1730913851.9862826
DreadPoor_Dearly_Beloved-8B-TIES,79.48243992606284,40.25342822426662,21.148036253776432,29.86577181208054,41.66666666666667,28.26628989361702,1732294278.688287
DreadPoor_Decayed-8B-LINEAR,72.82809611829944,53.96632529074813,17.14501510574018,30.956375838926174,41.7989417989418,37.63297872340425,1740512631.4606366
DreadPoor_Derivative-8B-Model_Stock,73.01293900184844,53.82746051032807,17.900302114803626,31.711409395973156,41.93121693121693,38.10671542553192,1736165672.6874053
DreadPoor_Derivative_V2-8B-Model_Stock,71.71903881700554,53.792744315223054,17.97583081570997,30.70469798657718,41.13756613756614,38.56382978723404,1736270919.049717
DreadPoor_Derivative_V2_ALT-8B-Model_Stock,73.93715341959334,53.51501475438292,18.806646525679756,31.1241610738255,41.269841269841265,38.821476063829785,1736269575.3492787
DreadPoor_Derivative_V3-8B-Model_Stock,64.69500924214418,52.16108314528728,14.652567975830816,29.446308724832214,41.4021164021164,35.02327127659575,1736309542.9610107
DreadPoor_Elusive_Dragon_Heart-8B-LINEAR,66.72828096118299,54.40027772956084,14.803625377643503,30.620805369127517,41.4021164021164,38.13996010638298,1734557527.8324163
DreadPoor_Emu_Eggs-9B-Model_Stock,72.64325323475046,60.44089567783371,20.996978851963746,33.30536912751678,40.60846560846561,42.27061170212766,1729289915.5607157
DreadPoor_Eunoia_Vespera-8B-LINEAR,68.20702402957485,53.862176705433086,15.407854984894259,30.70469798657718,41.7989417989418,38.38929521276596,1727103764.3340735
DreadPoor_Fu_sion_HA-8B-SLERP,72.08872458410352,53.56708904704044,17.522658610271904,32.29865771812081,41.53439153439153,38.24800531914894,1737128597.9468205
DreadPoor_HOT_STINKING_GARBAGE,52.495378927911275,48.758896024995664,6.722054380664652,27.516778523489933,42.46031746031746,30.169547872340424,1738583798.459191
DreadPoor_H_the_eighth-8B-LINEAR,70.60998151571165,53.67123763235549,17.749244712990937,32.802013422818796,41.66666666666667,38.239694148936174,1741274188.734528
DreadPoor_Happy_New_Year-8B-Model_Stock,72.45841035120148,53.54973094948794,15.93655589123867,31.3758389261745,41.7989417989418,38.78823138297872,1735651322.522705
DreadPoor_Heart_Stolen-8B-Model_Stock,68.39186691312385,53.82746051032807,17.220543806646525,31.711409395973156,41.53439153439153,37.9404920212766,1726128706.889489
DreadPoor_Heart_Stolen-ALT-8B-Model_Stock,67.65249537892791,52.52560319388995,15.634441087613293,30.11744966442953,40.476190476190474,37.72440159574468,1726277064.5415003
DreadPoor_Here_We_Go_Again-8B-SLERP,70.42513863216267,54.434993924665854,17.29607250755287,31.879194630872483,41.7989417989418,38.73005319148936,1735674803.3212695
DreadPoor_Howdy-8B-LINEAR,69.50092421441775,53.75802812011804,17.749244712990937,31.45973154362416,41.13756613756614,38.06515957446808,1736987008.7397382
DreadPoor_Incidental-8B-Model_Stock,70.97966728280961,54.36556153445582,16.1631419939577,30.285234899328863,42.32804232804233,38.73005319148936,1736813480.183496
DreadPoor_Irina-8B-model_stock,62.84658040665434,52.23051553549731,10.196374622356496,28.439597315436245,39.94708994708995,35.73803191489361,1725353166.0686564
DreadPoor_Kindling-8B-Model_Stock,68.94639556377079,54.78215587571602,17.522658610271904,31.79530201342282,40.60846560846561,38.297872340425535,1737932779.191168
DreadPoor_L3.1-BaeZel-8B-Della,44.73197781885398,54.33084533935081,17.447129909365557,31.963087248322147,41.93121693121693,39.020944148936174,1731913090.9162931
DreadPoor_Laughing_Stock-8B-Model_Stock,67.65249537892791,54.3134872417983,15.785498489425981,28.942953020134226,41.4021164021164,37.64128989361702,1737937027.5836136
DreadPoor_Lava_Lamp-8B-SLERP,69.68576709796673,53.58444714459295,17.371601208459214,30.536912751677853,41.7989417989418,37.5,1737164867.1258695
DreadPoor_LemonP-8B-Model_Stock,72.82809611829944,54.24405485158827,17.673716012084594,30.285234899328863,40.74074074074074,40.04321808510639,1737334023.0760717
DreadPoor_Lydia_of_Whiterun-8B-LINEAR,72.08872458410352,53.58444714459295,17.673716012084594,31.62751677852349,42.46031746031746,38.00698138297872,1740548356.2300189
DreadPoor_Machroom-3B-model_stock,26.98706099815157,35.84447144592953,2.416918429003021,25.25167785234899,46.03174603174603,16.12367021276596,1721912282.1670525
DreadPoor_Matryoshka-8B-LINEAR,68.39186691312385,54.3134872417983,17.522658610271904,32.04697986577181,42.46031746031746,38.655252659574465,1733118135.3494139
DreadPoor_Mercury_In_Retrograde-8b-Model-Stock,68.94639556377079,53.67123763235549,16.46525679758308,31.62751677852349,41.93121693121693,38.289561170212764,1733254791.4352005
DreadPoor_Minthy-8B-Model_Stock,72.45841035120148,53.35879187641035,19.184290030211482,30.369127516778523,40.87301587301587,39.92686170212766,1737902933.9726436
DreadPoor_Minthy_ALT-8B-Model_Stock,65.61922365988909,53.63652143725047,17.598187311178247,30.620805369127517,42.195767195767196,36.735372340425535,1737904621.6669693
DreadPoor_Minthy_V2-8B-Model_Stock,67.09796672828097,54.74743968061101,15.93655589123867,29.446308724832214,41.93121693121693,37.36702127659575,1737917801.7563446
DreadPoor_Minus_Penus-8B-Model_Stock,69.13123844731977,53.15049470578025,20.01510574018127,30.956375838926174,40.07936507936508,37.516622340425535,1741362371.3357003
DreadPoor_Morphing-8B-Model_Stock,70.60998151571165,53.792744315223054,18.35347432024169,29.36241610738255,40.60846560846561,38.522273936170215,1736892840.0559406
DreadPoor_Not_Even_My_Final_Form-8B-Model_Stock,73.38262476894639,53.34143377885784,17.598187311178247,29.53020134228188,41.4021164021164,38.39760638297872,1736892840.0579345
DreadPoor_Nother_One-8B-Model_Stock,63.4011090573013,51.98750216976219,15.181268882175228,28.942953020134226,38.62433862433862,35.945811170212764,1737333286.1889164
DreadPoor_Noxis-8B-LINEAR,64.87985212569316,53.98368338830064,19.788519637462233,31.879194630872483,42.195767195767196,36.60239361702128,1741889764.9223273
DreadPoor_Nullsworn-12B-LINEAR,37.15341959334565,54.45235202221836,11.253776435045317,30.788590604026844,43.386243386243386,36.452792553191486,1741643973.0744333
DreadPoor_Nwah-8B-Model_Stock,73.38262476894639,53.65387953480298,17.97583081570997,31.04026845637584,40.34391534391534,38.07347074468085,1740646721.2519414
DreadPoor_ONeil-model_stock-8B,63.77079482439926,55.3723311925013,10.120845921450151,30.536912751677853,41.66666666666667,35.9873670212766,1721912281.0645716
DreadPoor_Oh_Boy-8B-LINEAR,71.1645101663586,53.56708904704044,17.82477341389728,30.788590604026844,41.00529100529101,38.48902925531915,1738173139.9009233
DreadPoor_OrangeJ-8B-Model_Stock,75.04621072088725,53.879534802985596,17.598187311178247,30.11744966442953,40.21164021164021,39.68583776595745,1737502917.9870956
DreadPoor_Promissum_Mane-8B-LINEAR,67.46765249537893,54.40027772956084,15.55891238670695,30.453020134228186,41.93121693121693,38.50565159574468,1727832549.2951066
DreadPoor_Promissum_Mane-8B-LINEAR-lorablated,67.46765249537893,54.29612914424579,15.332326283987916,30.369127516778523,41.93121693121693,37.39195478723404,1727834137.3401237
DreadPoor_RPMash-8B-Model_Stock,38.632162661737524,51.43204304808193,10.80060422960725,28.691275167785236,40.476190476190474,36.03723404255319,1737515936.7741327
DreadPoor_RPMash_V3-8B-Model_Stock,65.80406654343808,52.07429265752474,10.42296072507553,30.033557046979865,37.698412698412696,36.13696808510639,1737767695.4219387
DreadPoor_Rusted_Gold-8B-LINEAR,68.94639556377079,53.61916333969797,19.335347432024168,29.86577181208054,41.66666666666667,37.799202127659576,1741370795.6138022
DreadPoor_Rusted_Platinum-8B-LINEAR,67.09796672828097,54.13990626627322,17.220543806646525,28.02013422818792,39.55026455026455,37.30053191489361,1741299314.1445658
DreadPoor_Rusted_Platinum-8B-Model_Stock,36.59889094269871,52.28258982815483,10.196374622356496,26.845637583892618,37.301587301587304,35.46376329787234,1741292352.1803145
DreadPoor_Sellen-8B-model_stock,66.35859519408503,52.23051553549731,13.36858006042296,27.432885906040266,39.55026455026455,35.696476063829785,1725297291.532755
DreadPoor_Something-8B-Model_Stock,43.068391866913124,53.82746051032807,17.97583081570997,31.711409395973156,41.7989417989418,38.85472074468085,1736931082.1281989
DreadPoor_Spring_Dusk-8B-SCE,60.62846580406654,56.18816177746919,7.628398791540786,28.7751677852349,45.8994708994709,34.358377659574465,1738508427.431826
DreadPoor_Summer_Dawn-8B-SCE,61.737523105360445,53.68859572990801,17.220543806646525,30.033557046979865,41.13756613756614,37.53324468085106,1738479012.0734332
DreadPoor_Summer_Dusk-8B-TIES,42.329020332717185,53.445582364172886,18.051359516616312,30.70469798657718,42.592592592592595,38.55551861702128,1738720729.0545778
DreadPoor_Summer_Rain-8B-SCE,49.35304990757856,58.37528206908523,7.02416918429003,30.369127516778523,44.70899470899471,35.505319148936174,1738579795.5528
DreadPoor_Summer_Rain-8B-TIES,49.16820702402958,58.37528206908523,7.02416918429003,30.369127516778523,44.70899470899471,35.505319148936174,1738574811.1650457
DreadPoor_Sun-8B-Model_Stock,73.75231053604436,52.421454608574905,20.996978851963746,29.949664429530205,40.87301587301587,38.347739361702125,1737991145.4196358
DreadPoor_Sweetened_Condensed_Milk-8B-Model_Stock,69.68576709796673,53.879534802985596,18.731117824773413,30.285234899328863,41.00529100529101,38.48071808510639,1732749895.1778867
DreadPoor_TEST02-Ignore,56.19223659889094,55.91043221662906,8.685800604229607,28.439597315436245,41.93121693121693,34.68251329787234,1738770971.028703
DreadPoor_TEST03-ignore,64.87985212569316,53.67123763235549,16.540785498489427,30.87248322147651,41.7989417989418,37.890625,1738789734.272871
DreadPoor_TEST06-ignore,68.76155268022181,55.05988543655616,11.782477341389729,28.691275167785236,42.195767195767196,36.15359042553192,1738948799.596835
DreadPoor_TEST07-ignore,70.0554528650647,55.47647977781636,16.61631419939577,30.87248322147651,40.87301587301587,38.796542553191486,1738949082.068138
DreadPoor_TEST08-ignore,70.79482439926062,54.34820343690332,18.202416918429005,31.29194630872483,40.74074074074074,38.53058510638298,1738949346.9701118
DreadPoor_Trinas_Nectar-8B-model_stock,68.20702402957485,52.45617080367991,15.256797583081571,28.60738255033557,40.60846560846561,36.178523936170215,1725283952.1221924
DreadPoor_UNTESTED-VENN_1.2-8B-Model_Stock,39.55637707948244,54.55650060753341,15.407854984894259,31.543624161073826,44.44444444444444,37.8656914893617,1735300011.78035
DreadPoor_VENN_1.2-8B-Model_Stock,68.02218114602587,54.46971011977087,17.069486404833835,29.697986577181208,41.93121693121693,37.20910904255319,1735348081.5199542
DreadPoor_WIP-Acacia-8B-Model_Stock,57.301293900184845,51.692414511369556,16.691842900302113,30.620805369127517,42.195767195767196,37.36702127659575,1732913982.6759841
DreadPoor_WIP_Damascus-8B-TIES,40.85027726432532,53.96632529074813,16.540785498489427,30.70469798657718,41.13756613756614,37.60804521276596,1730256717.0940387
DreadPoor_Wannabe-8B-Model_Stock,67.8373382624769,53.67123763235549,17.749244712990937,30.11744966442953,41.269841269841265,38.3061835106383,1738072471.9007764
DreadPoor_What_A_Thrill-8B-Model_Stock,65.98890942698706,52.99427182780767,18.202416918429005,29.697986577181208,40.74074074074074,36.15359042553192,1737033785.4140007
DreadPoor_Winter-8B-SCE,71.34935304990758,52.40409651102239,19.184290030211482,29.949664429530205,40.60846560846561,38.38929521276596,1738620344.928432
DreadPoor_Winter_Dawn-8B-TIES,48.059149722735675,52.87276514494012,17.522658610271904,30.956375838926174,42.72486772486773,39.104055851063826,1738424908.8145857
DreadPoor_Winter_Dusk-8B-TIES,66.91312384473198,49.366429439333444,7.175226586102719,29.949664429530205,36.77248677248677,34.782247340425535,1738421563.99355
DreadPoor_Winter_Night-8B-Model_Stock,65.98890942698706,51.709772608922066,14.577039274924472,30.620805369127517,39.021164021164026,36.66057180851064,1739904051.0948834
DreadPoor_Yafune-8B-Model_Stock,71.1645101663586,54.539142509980906,16.61631419939577,32.718120805369125,41.66666666666667,38.50565159574468,1740413354.4083872
DreadPoor_Yearn_V3-8B-Model_Stock,68.57670979667283,53.18521090088526,18.957703927492446,30.536912751677853,39.021164021164026,38.015292553191486,1737789622.3620193
DreadPoor_ZEUS-8B-V17-Abliterated_ALT,47.874306839186694,52.109008852629756,19.033232628398792,30.788590604026844,41.4021164021164,38.90458776595745,1737216728.15812
DreadPoor_Zelus-8B-Model_Stock,73.75231053604436,52.95955563270266,16.46525679758308,30.620805369127517,42.06349206349206,38.41422872340425,1736948397.7050648
DreadPoor_Zelus_V2-8B-Model_Stock,75.23105360443623,53.34143377885784,20.54380664652568,30.956375838926174,39.55026455026455,38.3311170212766,1736981756.9537234
DreadPoor_felix_dies-mistral-7B-model_stock,23.10536044362292,48.77625412254817,5.362537764350453,29.194630872483224,45.10582010582011,31.092087765957448,1728071454.1286197
DreadPoor_hakuchido-8B-MODEL_STOCK,69.68576709796673,53.792744315223054,19.486404833836858,29.53020134228188,41.66666666666667,37.815824468085104,1740665117.8008096
DreadPoor_ichor-8B-Model_Stock,48.613678373382626,50.75507724353411,10.876132930513595,32.38255033557047,42.06349206349206,31.507646276595747,1740976504.0976942
DreadPoor_ichor_1.1-8B-Model_Stock,77.63401109057301,52.57767748654747,17.749244712990937,30.620805369127517,40.60846560846561,38.55551861702128,1741237446.3706274
DreadPoor_inexpertus-8B-Model_Stock,74.4916820702403,52.629751779205,17.069486404833835,30.956375838926174,41.13756613756614,37.907247340425535,1741320633.9968379
DreadPoor_inexpertus_1.1-8B-LINEAR,71.1645101663586,55.09460163166116,17.29607250755287,29.78187919463087,41.66666666666667,38.272938829787236,1741375202.8109813
DreadPoor_inexpertus_1.2-8B-LINEAR,69.50092421441775,55.05988543655616,15.861027190332324,29.53020134228188,41.269841269841265,37.882313829787236,1741401558.9499605
DreadPoor_mergekit-nuslerp-nqzkedi,74.12199630314234,53.51501475438292,18.806646525679756,30.11744966442953,42.195767195767196,39.187167553191486,1738112398.6586785
DreadPoor_remember_to_breathe-8b-Model-Stock,66.54343807763401,53.94896719319563,14.879154078549849,30.11744966442953,41.4021164021164,37.60804521276596,1733463139.52974
DreadPoor_test,42.14417744916821,53.445582364172886,19.335347432024168,27.097315436241608,43.386243386243386,36.46941489361702,1738101605.4939513
DreadPoor_test_ALT,42.14417744916821,53.445582364172886,17.069486404833835,26.929530201342285,43.51851851851852,34.92353723404255,1738101805.11446
DreadPoor_tests_pending-do_not_use_yet,73.01293900184844,53.82746051032807,19.788519637462233,29.697986577181208,39.94708994708995,38.272938829787236,1738711380.214412
EVA-UNIT-01_EVA-Qwen2.5-14B-v0.2,36.04436229205176,60.80541572643639,34.06344410876133,39.42953020134228,47.883597883597886,51.35472074468085,1735211044.920556
EVA-UNIT-01_EVA-Qwen2.5-72B-v0.2,63.95563770794824,70.54330845339351,39.04833836858006,40.855704697986575,47.08994708994709,58.128324468085104,1732702325.9550583
Edgerunners_meta-llama-3-8b-instruct-hf-ortho-baukit-34fail-3000total-bf16,67.28280961182995,49.66151709772609,8.308157099697885,26.006711409395972,33.33333333333333,36.36136968085106,1738400246.6122172
EleutherAI_gpt-j-6b,18.66913123844732,31.678528033327545,1.3595166163141994,24.580536912751676,36.507936507936506,12.408577127659575,1718633797.0654006
EleutherAI_gpt-neo-1.3B,14.602587800369685,30.08158305849679,1.0574018126888218,25.587248322147648,38.095238095238095,11.63563829787234,1718631778.2245958
EleutherAI_gpt-neo-125m,12.56931608133087,30.914771741017184,0.6042296072507553,25.335570469798657,35.84656084656085,10.255984042553191,1724748672.5803194
EleutherAI_gpt-neo-2.7B,19.77818853974122,31.05363652143725,1.0574018126888218,26.593959731543627,35.44973544973545,11.627327127659575,1718643354.8770182
EleutherAI_gpt-neox-20b,19.963031423290204,31.3660822773824,1.3595166163141994,24.328859060402685,36.37566137566138,11.55252659574468,1718574929.3038478
EleutherAI_pythia-1.4b,17.56007393715342,31.192501301857316,1.5105740181268883,26.174496644295303,35.317460317460316,11.228390957446809,1738059290.1654263
EleutherAI_pythia-12b,18.853974121996302,31.609095643117513,1.6616314199395772,24.664429530201343,36.37566137566138,11.087101063829788,1718643190.859364
EleutherAI_pythia-160m,12.56931608133087,29.352542961291444,0.906344410876133,25.838926174496645,41.66666666666667,11.195146276595745,1718575245.8503342
EleutherAI_pythia-1b,16.820702402957487,29.699704912341605,0.3021148036253776,25.671140939597315,35.44973544973545,11.361369680851062,1737972275.4029083
EleutherAI_pythia-2.8b,15.526802218114602,32.06040617948273,1.3595166163141994,25.0,34.78835978835979,11.36968085106383,1718624237.8040342
EleutherAI_pythia-410m,16.45101663585952,29.942718278076725,0.9818731117824773,25.922818791946305,35.714285714285715,11.278257978723403,1718574995.8613198
EleutherAI_pythia-6.9b,15.526802218114602,32.02568998437771,0.7552870090634441,25.16778523489933,35.84656084656085,11.46941489361702,1718575225.4993906
Enno-Ai_EnnoAi-Pro-French-Llama-3-8B-v0.4,36.41404805914972,40.427009199791705,0.6042296072507553,27.097315436241608,41.66666666666667,26.346409574468083,1721639142.0088468
Enno-Ai_EnnoAi-Pro-Llama-3-8B,26.617375231053604,41.086616906787015,2.190332326283988,26.174496644295303,40.60846560846561,21.5093085106383,1721640064.8087907
Enno-Ai_EnnoAi-Pro-Llama-3-8B-v0.3,45.65619223659889,40.704738760631834,4.833836858006042,26.51006711409396,42.32804232804233,29.903590425531917,1721639001.8495634
Enno-Ai_EnnoAi-Pro-Llama-3.1-8B-v0.9,40.66543438077634,41.20812358965457,3.7764350453172204,26.593959731543627,38.22751322751323,25.955784574468083,1726098235.6197565
EnnoAi_EnnoAi-Pro-Llama-3.1-8B-v1.0,40.85027726432532,41.20812358965457,0.0,26.593959731543627,38.22751322751323,25.955784574468083,1725980323.1872847
Epiculous_Azure_Dusk-v0.2,28.09611829944547,40.93039402881444,2.9456193353474323,26.090604026845636,38.22751322751323,30.344082446808514,1726333337.3052044
Epiculous_Crimson_Dawn-v0.2,25.13863216266174,44.61031070994619,4.305135951661631,27.600671140939596,41.4021164021164,27.210771276595747,1726114450.9633265
Epiculous_NovaSpark,59.70425138632163,50.37319909737893,15.181268882175228,29.78187919463087,38.75661375661375,36.48603723404255,1729464116.6038318
Epiculous_Violet_Twilight-v0.2,39.55637707948244,45.91216802638431,2.870090634441088,26.593959731543627,42.857142857142854,31.10871010638298,1726663444.0896559
EpistemeAI2_Athene-codegemma-2-7b-it-alpaca-v1.2,36.78373382624769,41.34698837007464,3.3987915407854987,27.097315436241608,41.66666666666667,22.972074468085108,1725283962.1333058
EpistemeAI2_Fireball-12B-v1.2,9.242144177449168,49.93924665856622,4.1540785498489425,29.86577181208054,41.66666666666667,33.36934840425532,1725289468.8420546
EpistemeAI2_Fireball-Alpaca-Llama3.1-8B-Philos,43.253234750462106,49.6962332928311,11.858006042296072,29.278523489932883,42.72486772486773,34.059175531914896,1725289802.2791114
EpistemeAI2_Fireball-Alpaca-Llama3.1.01-8B-Philos,35.67467652495379,49.453219927095994,13.595166163141995,28.859060402684566,43.65079365079365,33.834773936170215,1725432327.323012
EpistemeAI2_Fireball-Alpaca-Llama3.1.03-8B-Philos,32.53234750462107,49.401145634438464,12.83987915407855,27.85234899328859,42.72486772486773,33.552194148936174,1725859049.9559686
EpistemeAI2_Fireball-Alpaca-Llama3.1.04-8B-Philos,34.56561922365989,49.158132268703355,10.27190332326284,29.026845637583893,43.65079365079365,34.025930851063826,1726274616.8960092
EpistemeAI2_Fireball-Alpaca-Llama3.1.06-8B-Philos-dpo,40.48059149722736,48.672105537233115,11.706948640483382,29.78187919463087,39.285714285714285,36.14527925531915,1726274619.657364
EpistemeAI2_Fireball-Alpaca-Llama3.1.07-8B-Philos-Math,43.068391866913124,48.324943586182954,12.009063444108762,29.61409395973154,40.60846560846561,35.305851063829785,1726274379.3573146
EpistemeAI2_Fireball-Alpaca-Llama3.1.08-8B-C-R1-KTO-Reflection,32.16266173752311,49.34907134178094,12.462235649546828,29.949664429530205,40.476190476190474,35.929188829787236,1726632823.2921984
EpistemeAI2_Fireball-Alpaca-Llama3.1.08-8B-Philos-C-R1,45.65619223659889,48.15136261065787,10.876132930513595,29.697986577181208,41.00529100529101,35.231050531914896,1726278562.5764246
EpistemeAI2_Fireball-Llama-3.1-8B-Philos-Reflection,30.31423290203327,48.758896024995664,12.83987915407855,30.788590604026844,39.55026455026455,35.505319148936174,1726635133.3322785
EpistemeAI2_Fireball-MathMistral-Nemo-Base-2407-v2dpo,27.171903881700555,42.891859052247874,3.2477341389728096,26.34228187919463,40.21164021164021,11.477726063829788,1725289049.3494582
EpistemeAI2_Fireball-Meta-Llama-3.1-8B-Instruct-Agent-0.003-128K-code-math,48.79852125693161,47.89099114737025,12.009063444108762,30.453020134228186,36.904761904761905,34.20046542553192,1729003569.8029823
EpistemeAI2_Fireball-Meta-Llama-3.1-8B-Instruct-Agent-0.005-128K-code-COT,39.186691312384475,47.769484464502696,11.706948640483382,31.20805369127517,37.698412698412696,35.64660904255319,1728660339.5702982
EpistemeAI2_Fireball-Phi-3-medium-4k-inst-Philos,47.504621072088725,61.56917201874674,12.990936555891238,33.22147651006711,41.269841269841265,45.98570478723404,1726914912.8490305
EpistemeAI_Alpaca-Llama3.1-8B,11.829944547134936,47.38760631834751,4.1540785498489425,29.026845637583893,33.99470899470899,32.463430851063826,1726269329.42379
EpistemeAI_Athena-gemma-2-2b-it,27.911275415896487,42.562055198750215,4.909365558912387,26.845637583892618,43.386243386243386,24.21875,1725963343.735938
EpistemeAI_Athena-gemma-2-2b-it-Philos,41.21996303142329,37.66707168894289,3.7009063444108756,28.104026845637588,42.98941798941799,22.481715425531913,1726642572.231818
EpistemeAI_Athene-codegemma-2-7b-it-alpaca-v1.3,34.195933456561924,43.169588613088,5.589123867069486,28.02013422818792,44.97354497354497,25.872672872340424,1726098224.743747
EpistemeAI_DeepPhi-3.5-mini-instruct,9.611829944547134,28.38048949835098,0.6797583081570997,23.322147651006713,36.507936507936506,11.028922872340425,1740713589.7102947
EpistemeAI_DeepThinkers-Phi4,64.69500924214418,67.69658045478215,45.84592145015105,34.060402684563755,39.682539682539684,52.576462765957444,1740869379.1885686
EpistemeAI_FineLlama3.1-8B-Instruct,4.251386321626617,45.443499392466585,2.3413897280966767,28.02013422818792,34.78835978835979,31.125332446808514,1725619438.5954466
EpistemeAI_Fireball-12B,12.56931608133087,51.01544870682173,4.078549848942599,26.174496644295303,42.32804232804233,33.43583776595745,1724404628.1697204
EpistemeAI_Fireball-12B-v1.13a-philosophers,6.839186691312385,50.98073251171672,3.8519637462235647,30.11744966442953,40.74074074074074,33.668550531914896,1725950044.1149724
EpistemeAI_Fireball-Alpaca-Llama-3.1-8B-Philos-DPO-200,37.707948243992604,48.25551119597292,10.80060422960725,30.033557046979865,39.41798941798942,35.82945478723404,1726485229.2618012
EpistemeAI_Fireball-Alpaca-Llama3.1.07-8B-Philos-Math-KTO-beta,68.02218114602587,48.53324075681305,15.256797583081571,28.02013422818792,36.11111111111111,35.43051861702128,1726335495.1608977
EpistemeAI_Fireball-Alpaca-Llama3.1.08-8B-Philos-C-R2,42.14417744916821,49.158132268703355,12.386706948640484,28.60738255033557,46.164021164021165,33.518949468085104,1726337795.552382
EpistemeAI_Fireball-Meta-Llama-3.1-8B-Instruct-0.001-128K-auto,36.59889094269871,48.047214025342825,13.293051359516618,31.20805369127517,40.60846560846561,35.15625,1732049922.2482283
EpistemeAI_Fireball-Meta-Llama-3.1-8B-Instruct-Agent-0.003-128K,37.707948243992604,48.79361222010068,12.084592145015106,29.446308724832214,37.56613756613756,35.43051861702128,1728293592.3706794
EpistemeAI_Fireball-Meta-Llama-3.1-8B-Instruct-Agent-0.003-128K-code,54.15896487985212,48.758896024995664,12.084592145015106,30.201342281879196,40.07936507936508,34.225398936170215,1728293304.183646
EpistemeAI_Fireball-Meta-Llama-3.1-8B-Instruct-Agent-0.003-128K-code-ds,62.47689463955638,46.45026905051207,13.36858006042296,27.265100671140942,34.12698412698413,33.892952127659576,1729586708.6022613
EpistemeAI_Fireball-Meta-Llama-3.1-8B-Instruct-Agent-0.003-128K-code-ds-auto,69.13123844731977,46.189897587224436,13.51963746223565,29.110738255033556,33.86243386243386,34.88198138297872,1730237832.998851
EpistemeAI_Fireball-Meta-Llama-3.1-8B-Instruct-Agent-0.004-128K-code-COT,38.447319778188536,47.52647109876757,12.386706948640484,29.36241610738255,38.75661375661375,34.70744680851064,1728629733.6538055
EpistemeAI_Fireball-Meta-Llama-3.1-8B-Instruct-Agent-0.004-128K-code-ds-auto,67.8373382624769,47.9951397326853,14.350453172205437,24.832214765100673,32.93650793650794,35.480385638297875,1731587171.6426046
EpistemeAI_Fireball-Meta-Llama-3.1-8B-Instruct-Math,38.262476894639555,49.64415900017358,9.818731117824774,29.110738255033556,36.37566137566138,33.31117021276596,1727144282.9704554
EpistemeAI_Fireball-Meta-Llama-3.2-8B-Instruct-agent-003-128k-code-DPO,38.262476894639555,47.83891685471272,10.876132930513595,30.033557046979865,39.94708994708995,35.2061170212766,1728468332.3274558
EpistemeAI_Fireball-Mistral-Nemo-Base-2407-v1-DPO2,12.754158964879853,49.52265231730602,3.625377643504532,29.194630872483224,40.34391534391534,33.527260638297875,1724408287.285275
EpistemeAI_Fireball-R1-Llama-3.1-8B,37.707948243992604,36.2089914945322,31.1178247734139,24.832214765100673,32.804232804232804,11.153590425531915,1739971003.1123145
EpistemeAI_Llama-3.2-3B-Agent007-Coder,47.31977818853974,43.04808193022045,11.10271903323263,25.75503355704698,36.64021164021164,28.515625,1728468191.9841352
EpistemeAI_Mistral-Nemo-Instruct-12B-Philosophy-Math,6.099815157116451,53.42822426662038,9.592145015105741,33.13758389261745,42.857142857142854,32.962101063829785,1727372049.479486
EpistemeAI_OpenReasoner-Llama-3.2-3B-rs1.0,68.02218114602587,44.92275646589134,13.444108761329304,27.181208053691275,34.523809523809526,31.341422872340424,1739893909.3460176
EpistemeAI_Polypsyche-Llama-3.1-8B-Instruct-Agent-0.003-128K-code-ds-auto-Empathy,66.35859519408503,46.172539489671934,13.972809667673717,27.684563758389263,31.878306878306876,33.111702127659576,1734490150.8449218
EpistemeAI_Polypsyche-Llama-3.1-8B-Instruct-Agent-0.003-128K-code-ds-auto-Logic,66.54343807763401,45.53028988022913,11.858006042296072,28.439597315436245,32.27513227513227,33.502327127659576,1734715078.7374978
EpistemeAI_Polypsyche-Llama-3.1-8B-Instruct-Agent-0.003-128K-code-ds-auto-divergent,64.32532347504622,44.97483075854886,10.27190332326284,26.677852348993287,35.714285714285715,32.903922872340424,1734715251.7326844
EpistemeAI_Reasoning-Llama-3.1-CoT-RE1-NMT,41.77449168207024,47.300815830584966,8.08157099697885,26.090604026845636,31.746031746031743,33.42752659574468,1738131073.2610817
EpistemeAI_Reasoning-Llama-3.1-CoT-RE1-NMT-V2-ORPO,37.707948243992604,47.87363304981774,12.915407854984895,30.70469798657718,39.285714285714285,35.979055851063826,1738399336.6214933
EpistemeAI_Reasoning-Llama-3.2-1B-Instruct-v1.2,34.380776340110906,32.99774344731817,5.0604229607250755,26.090604026845636,32.142857142857146,11.785239361702128,1738715066.4621868
EpistemeAI_Reasoning-Llama-3.2-1B-Instruct-v1.3,26.247689463955638,32.32077764277035,5.0604229607250755,25.838926174496645,32.53968253968254,11.727061170212766,1738786706.4883482
EpistemeAI_Reasoning-Llama-3.2-3B-Math-Instruct-RE1,46.39556377079482,43.707689637215765,10.80060422960725,26.426174496644293,34.25925925925926,27.892287234042552,1738715072.4285612
EpistemeAI_Reasoning-Llama-3.2-3B-Math-Instruct-RE1-ORPO,68.57670979667283,44.97483075854886,15.332326283987916,27.348993288590606,34.78835978835979,31.00066489361702,1738715065.1204784
EpistemeAI_ReasoningCore-3B-T1_1,68.39186691312385,45.00954695365388,15.407854984894259,27.600671140939596,35.44973544973545,31.16688829787234,1738935362.3148327
Eric111_CatunaMayo,33.64140480591497,52.26523173060232,8.459214501510575,29.194630872483224,45.370370370370374,31.78191489361702,1721640389.3023279
Eric111_CatunaMayo-DPO,35.48983364140481,52.039576462419724,8.157099697885197,29.194630872483224,44.44444444444444,31.69880319148936,1721640285.3077376
Etherll_Chocolatine-3B-Instruct-DPO-Revised-Ties,30.129390018484287,53.96632529074813,16.314199395770395,32.38255033557047,46.42857142857143,39.777260638297875,1730186260.7478032
Etherll_Chocolatine-3B-Instruct-DPO-Revised-Ties-v2,30.31423290203327,53.96632529074813,16.314199395770395,32.38255033557047,46.42857142857143,39.777260638297875,1730220619.6106446
Etherll_Herplete-LLM-Llama-3.1-8b,55.45286506469501,53.39350807151536,15.483383685800604,31.45973154362416,39.81481481481482,37.5249335106383,1729282679.2856312
Etherll_Herplete-LLM-Llama-3.1-8b-Ties,56.007393715341955,53.28935948620032,14.803625377643503,31.711409395973156,40.07936507936508,37.5249335106383,1729183409.0048537
Etherll_Qwen2.5-7B-della-test,72.64325323475046,54.17462246137823,48.94259818731118,30.87248322147651,40.34391534391534,43.60871010638298,1731587173.5317748
Etherll_Qwen2.5-Coder-7B-Instruct-Ties,43.992606284658045,48.672105537233115,29.154078549848943,32.969798657718115,43.65079365079365,35.031582446808514,1730089082.660808
Etherll_Replete-LLM-V3-Llama-3.1-8b,46.02587800369686,45.16576983162645,22.734138972809667,26.845637583892618,35.05291005291005,34.699135638297875,1725294778.9838948
Etherll_SuperHermes,46.950092421441774,52.629751779205,16.540785498489427,32.38255033557047,43.91534391534391,39.48636968085106,1730026641.3965378
Eurdem_Defne-llama3.1-8B,70.79482439926062,52.90748134004512,15.181268882175228,28.02013422818792,40.34391534391534,37.99867021276596,1723484771.2947204
FINGU-AI_L3-8B,70.60998151571165,49.73094948793612,25.45317220543807,29.53020134228188,38.22751322751323,36.394614361702125,1737186568.5509014
FINGU-AI_Phi-4-RRStock,21.256931608133087,64.22496094428051,2.8700906344410875,38.00335570469799,44.70899470899471,48.828125,1738768516.276998
FINGU-AI_Q-Small-3B,35.304990757855826,42.909217149800384,8.308157099697885,26.677852348993287,39.94708994708995,27.900598404255316,1737437639.888053
FINGU-AI_QwQ-Buddy-32B-Alpha,28.280961182994456,64.01666377365041,38.51963746223565,37.919463087248324,50.52910052910053,52.94215425531915,1738808085.0053582
FINGU-AI_RomboUltima-32B,61.367837338262476,69.0678701614303,53.85196374622356,37.164429530201346,48.28042328042328,57.887300531914896,1738716912.7820017
FallenMerick_Chewy-Lemon-Cookie-11B,43.068391866913124,52.2131574379448,5.438066465256798,27.936241610738254,45.370370370370374,32.67121010638298,1723527578.0092142
Felladrin_Llama-160M-Chat-v1,10.166358595194085,29.97743447318174,0.0,25.75503355704698,36.507936507936506,11.361369680851062,1721900829.3443308
Felladrin_Minueza-32M-UltraChat,8.687615526802219,29.16160388821385,0.4531722054380665,25.587248322147648,37.301587301587304,11.328125,1721904887.1600711
FlofloB_100k_fineweb_continued_pretraining_Qwen2.5-0.5B-Instruct_Unsloth_merged_16bit,25.693160813308687,33.119250130185726,4.078549848942599,26.929530201342285,32.93650793650794,14.976728723404257,1732921254.0648136
FlofloB_10k_continued_pretraining_Phi-3-mini-4k-instruct_Unsloth_merged_16bit,45.4713493530499,52.039576462419724,8.761329305135952,29.949664429530205,42.98941798941799,37.69115691489361,1732294279.6117947
FlofloB_10k_continued_pretraining_Qwen2.5-0.5B-Instruct_Unsloth_merged_16bit,22.73567467652495,32.92831105710814,0.0,27.936241610738254,32.93650793650794,15.408909574468085,1732558534.5139945
FlofloB_40k_continued_pretraining_Qwen2.5-0.5B-Instruct_Unsloth_merged_16bit,24.58410351201479,33.10189203263322,0.0,26.76174496644295,33.99470899470899,14.852061170212766,1732564402.7025087
FlofloB_83k_continued_pretraining_Qwen2.5-0.5B-Instruct_Unsloth_merged_16bit,22.73567467652495,33.449053983683385,3.0211480362537766,27.348993288590606,32.804232804232804,15.550199468085108,1732640797.2600756
FlofloB_smollm2-135M_pretrained_1000k_fineweb,9.426987060998151,28.797083839611176,0.906344410876133,26.25838926174497,35.714285714285715,11.63563829787234,1736879115.4393141
FlofloB_smollm2-135M_pretrained_1000k_fineweb_uncovai_human_removed,9.611829944547134,30.376670716889432,0.6042296072507553,25.083892617449667,35.714285714285715,11.427859042553191,1737991775.8221877
FlofloB_smollm2-135M_pretrained_1000k_fineweb_uncovai_selected,8.133086876155268,28.97066481513626,0.6797583081570997,26.593959731543627,40.34391534391534,11.569148936170212,1736801313.113676
FlofloB_smollm2-135M_pretrained_1200k_fineweb,9.796672828096119,29.02273910779379,0.6797583081570997,26.426174496644293,37.03703703703704,10.762965425531915,1736800829.3081803
FlofloB_smollm2-135M_pretrained_1200k_fineweb_uncovai_human_removed,9.611829944547134,29.248394375976396,0.0755287009063444,26.51006711409396,36.904761904761905,11.394614361702128,1737991591.6449182
FlofloB_smollm2-135M_pretrained_1200k_fineweb_uncovai_selected,10.35120147874307,29.248394375976396,0.7552870090634441,26.34228187919463,35.58201058201058,11.643949468085106,1736879054.5978162
FlofloB_smollm2-135M_pretrained_1400k_fineweb,12.014787430683919,28.849158132268705,1.1329305135951662,26.593959731543627,38.62433862433862,10.79621010638298,1736805012.0420587
FlofloB_smollm2-135M_pretrained_1400k_fineweb_uncovai_human_removed,11.829944547134936,29.612914424579067,1.0574018126888218,26.090604026845636,39.285714285714285,11.045545212765957,1738098078.5145006
FlofloB_smollm2-135M_pretrained_1400k_fineweb_uncovai_selected,9.426987060998151,28.849158132268705,1.0574018126888218,26.845637583892618,37.301587301587304,11.36968085106383,1736809197.186443
FlofloB_smollm2-135M_pretrained_200k_fineweb_uncovai_human_removed,8.872458410351202,29.97743447318174,0.3776435045317221,25.838926174496645,35.714285714285715,11.195146276595745,1737137270.2734413
FlofloB_smollm2-135M_pretrained_200k_fineweb_uncovai_selected,8.317929759704251,28.98802291268877,0.7552870090634441,25.083892617449667,36.507936507936506,11.311502659574469,1736354700.8960752
FlofloB_smollm2-135M_pretrained_400k_fineweb,9.242144177449168,29.404617253948967,1.2084592145015105,25.25167785234899,37.83068783068783,11.627327127659575,1736781295.9802158
FlofloB_smollm2-135M_pretrained_400k_fineweb_uncovai_human_removed,9.426987060998151,30.15101544870682,0.906344410876133,25.503355704697988,38.492063492063494,11.377992021276597,1737194986.4409916
FlofloB_smollm2-135M_pretrained_400k_fineweb_uncovai_selected,9.981515711645102,28.953306717583754,0.6797583081570997,25.419463087248324,38.095238095238095,11.57746010638298,1736411875.880789
FlofloB_smollm2-135M_pretrained_600k_fineweb,10.720887245841034,29.71706300989412,0.6042296072507553,26.593959731543627,37.96296296296296,11.261635638297872,1736803438.8345208
FlofloB_smollm2-135M_pretrained_600k_fineweb_uncovai_human_removed,10.166358595194085,29.751779204999135,0.906344410876133,26.25838926174497,37.83068783068783,11.46941489361702,1737351439.5781891
FlofloB_smollm2-135M_pretrained_600k_fineweb_uncovai_selected,10.536044362292053,29.50876583926402,0.7552870090634441,26.090604026845636,38.35978835978836,11.619015957446809,1736758689.9385455
FlofloB_smollm2-135M_pretrained_800k_fineweb,10.166358595194085,29.231036278423883,0.8308157099697886,24.916107382550333,36.904761904761905,11.519281914893616,1736879055.222965
FlofloB_smollm2-135M_pretrained_800k_fineweb_uncovai_human_removed,9.796672828096119,30.06422496094428,0.6797583081570997,25.25167785234899,39.81481481481482,11.377992021276597,1737290817.200938
FlofloB_smollm2-135M_pretrained_800k_fineweb_uncovai_selected,8.502772643253234,29.057455302898806,0.4531722054380665,26.174496644295303,37.56613756613756,11.303191489361703,1736879115.437461
FlofloB_smollm2_pretrained_200k_fineweb,9.796672828096119,29.595556327026557,0.3776435045317221,24.748322147651006,36.904761904761905,11.59408244680851,1736326174.2362359
FlofloB_test_continued_pretraining_Phi-3-mini-4k-instruct_Unsloth_merged_16bit,46.39556377079482,52.38673841346988,10.876132930513595,31.1241610738255,42.32804232804233,37.20910904255319,1732231495.8575144
FuJhen_ft-openhermes-25-mistral-7b-irca-dpo-pairs,49.16820702402958,47.47439680611005,0.1510574018126888,27.85234899328859,41.66666666666667,29.562832446808514,1726274021.8462298
FuJhen_mistral-instruct-7B-DPO,43.253234750462106,46.207255684776946,3.474320241691843,27.768456375838923,40.07936507936508,30.335771276595747,1726273749.2477963
FuJhen_mistral_7b_v0.1_structedData_e2e,11.275415896487985,40.96511022391946,0.22658610271903326,27.936241610738254,37.16931216931217,28.10837765957447,1726663990.1302905
FuJhen_mistral_7b_v0.1_structedData_viggo,13.123844731977819,45.113695538968926,2.8700906344410875,28.355704697986578,37.301587301587304,29.421542553191486,1726642780.882087
FuseAI_FuseChat-7B-v2.0,26.617375231053604,49.24492275646589,6.117824773413897,30.201342281879196,47.883597883597886,31.62400265957447,1732191250.8226743
FuseAI_FuseChat-Llama-3.1-8B-Instruct,67.8373382624769,50.9460163166117,7.02416918429003,30.536912751677853,38.095238095238095,37.33377659574468,1736231707.72382
FuseAI_FuseChat-Llama-3.2-3B-Instruct,63.95563770794824,46.39819475785454,24.244712990936556,29.61409395973154,39.021164021164026,31.316489361702125,1739909182.3289716
FuseAI_FuseChat-Qwen-2.5-7B-Instruct,53.60443622920518,54.97309494879361,45.61933534743202,29.61409395973154,38.62433862433862,41.18184840425532,1734762313.8857021
GalrionSoftworks_MN-LooseCannon-12B-v1,49.72273567467653,50.911300121506684,8.534743202416918,28.523489932885905,41.269841269841265,31.956449468085108,1726273537.9231963
GalrionSoftworks_MagnusIntellectus-12B-v1,37.707948243992604,52.820690852282596,6.495468277945619,28.439597315436245,44.17989417989418,34.20877659574468,1725592092.1792912
GenVRadmin_AryaBhatta-GemmaOrca-2-Merged,24.58410351201479,38.43082798125326,0.9818731117824773,26.845637583892618,45.370370370370374,23.84474734042553,1738837098.0407276
GenVRadmin_AryaBhatta-GemmaOrca-Merged,24.58410351201479,41.086616906787015,2.2658610271903323,25.587248322147648,35.18518518518518,22.28224734042553,1738836264.6790118
GenVRadmin_AryaBhatta-GemmaUltra-Merged,23.844731977818853,41.121333101892034,5.362537764350453,25.33557046979866,42.72486772486773,22.65625,1738837509.6916254
GenVRadmin_llama38bGenZ_Vikas-Merged,21.996303142329023,45.21784412428398,4.607250755287009,29.53020134228188,43.91534391534391,26.221742021276594,1738836910.894875
GoToCompany_gemma2-9b-cpt-sahabatai-v1-instruct,60.62846580406654,59.48620031244576,19.788519637462233,33.47315436241611,47.75132275132275,42.63630319148936,1732200589.1206102
GoToCompany_llama3-8b-cpt-sahabatai-v1-instruct,45.65619223659889,49.366429439333444,12.764350453172204,26.677852348993287,44.84126984126984,34.53291223404255,1732191594.5393496
Goekdeniz-Guelmez_Josiefied-Qwen2.5-0.5B-Instruct-abliterated-v1,29.390018484288355,32.54643291095296,8.91238670694864,25.16778523489933,32.53968253968254,16.414561170212767,1732052252.6424944
Goekdeniz-Guelmez_Josiefied-Qwen2.5-1.5B-Instruct-abliterated-v1,41.77449168207024,41.485853150494705,1.7371601208459215,24.328859060402685,36.64021164021164,27.825797872340424,1727519244.6334813
Goekdeniz-Guelmez_Josiefied-Qwen2.5-1.5B-Instruct-abliterated-v2,36.22920517560074,40.09720534629405,0.9818731117824773,23.993288590604024,37.56613756613756,25.615026595744684,1727519244.3978786
Goekdeniz-Guelmez_Josiefied-Qwen2.5-1.5B-Instruct-abliterated-v3,36.96857670979667,40.2187120291616,0.6042296072507553,24.328859060402685,36.904761904761905,25.556848404255316,1727519244.4367278
Goekdeniz-Guelmez_Josiefied-Qwen2.5-14B-Instruct-abliterated-v4,80.22181146025879,63.322339871550085,54.229607250755286,34.22818791946309,42.72486772486773,50.18284574468085,1730158699.639013
Goekdeniz-Guelmez_Josiefied-Qwen2.5-7B-Instruct-abliterated-v2,74.86136783733826,52.8554070473876,45.31722054380665,29.86577181208054,43.386243386243386,41.19847074468085,1728401144.445045
Goekdeniz-Guelmez_j.o.s.i.e.v4o-1.5b-dpo-stage1-v1,36.04436229205176,40.86096163860441,12.009063444108762,25.083892617449667,35.18518518518518,25.548537234042552,1728384929.9377482
Goekdeniz-Guelmez_josie-3b-v6.0,55.08317929759704,44.749175490366255,29.38066465256798,29.026845637583893,38.492063492063494,32.19747340425532,1736308169.794734
Goekdeniz-Guelmez_josie-7b-v6.0,70.0554528650647,50.9460163166117,43.58006042296073,28.27181208053691,41.4021164021164,38.06515957446808,1736307974.992431
Goekdeniz-Guelmez_josie-7b-v6.0-step2000,72.45841035120148,50.859225828849155,42.37160120845921,27.684563758389263,45.23809523809524,40.11801861702128,1733939631.5282767
GreenNode_GreenNode-small-9B-it,70.42513863216267,59.83336226349593,17.447129909365557,31.963087248322147,41.93121693121693,39.27027925531915,1729010937.991991
GritLM_GritLM-7B-KTO,47.689463955637706,48.064572122895335,2.719033232628399,29.78187919463087,37.03703703703704,26.803523936170215,1723493439.0736866
GritLM_GritLM-8x7B-KTO,51.571164510166355,57.889255337615,12.235649546827794,29.61409395973154,42.06349206349206,36.477726063829785,1723462321.0553901
Groq_Llama-3-Groq-8B-Tool-Use,56.37707948243993,48.463808366603025,6.042296072507553,26.76174496644295,36.507936507936506,33.992686170212764,1735715334.539185
Gryphe_Pantheon-RP-1.0-8b-Llama-3,33.08687615526802,45.21784412428398,6.3444108761329305,27.600671140939596,38.22751322751323,30.668218085106385,1721979499.4341223
Gryphe_Pantheon-RP-1.5-12b-Nemo,42.14417744916821,51.675056413817046,4.909365558912387,27.265100671140942,44.047619047619044,33.02027925531915,1723462627.8270628
Gryphe_Pantheon-RP-1.6-12b-Nemo,39.37153419593346,51.7792049991321,4.607250755287009,27.768456375838923,42.72486772486773,33.111702127659576,1725318539.358291
Gryphe_Pantheon-RP-1.6-12b-Nemo-KTO,41.40480591497228,52.47352890123243,5.287009063444108,29.53020134228188,42.32804232804233,33.81815159574468,1725351356.2459092
Gryphe_Pantheon-RP-Pure-1.6.2-22b-Small,64.87985212569316,52.629751779205,20.241691842900302,32.88590604026846,37.56613756613756,39.41988031914894,1729065437.84514
Gunulhona_Gemma-Ko-Merge,58.41035120147874,58.02812011803506,0.1510574018126888,33.557046979865774,40.34391534391534,38.78823138297872,1730174228.2552946
Gunulhona_Gemma-Ko-Merge-PEFT,39.186691312384475,48.359659781287974,0.0,30.70469798657718,39.81481481481482,30.975731382978722,1729704422.2497063
HPAI-BSC_Llama3-Aloe-8B-Alpha,44.54713493530499,48.13400451310537,5.362537764350453,29.446308724832214,36.64021164021164,32.95378989361702,1730212430.6456711
HPAI-BSC_Llama3.1-Aloe-Beta-8B,55.637707948244,51.46675924318694,14.577039274924472,32.29865771812081,38.35978835978836,38.297872340425535,1730917624.3724957
HPAI-BSC_Qwen2.5-Aloe-Beta-7B,40.110905730129396,50.04339524388127,8.459214501510575,29.110738255033556,42.46031746031746,43.54222074468085,1734497962.0788388
Hastagaras_Llama-3.1-Jamet-8B-MK.I,68.94639556377079,50.35584099982642,12.537764350453173,27.432885906040266,37.16931216931217,34.82380319148936,1732058424.0932367
Hastagaras_Zabuza-8B-Llama-3.1,58.04066543438078,45.252560319389,4.229607250755287,26.426174496644293,35.58201058201058,29.230385638297875,1730918119.1580074
HelpingAI_Cipher-20B,48.79852125693161,60.09373372678355,19.939577039274926,29.53020134228188,39.94708994708995,37.44182180851064,1734493593.3429291
HelpingAI_Priya-10B,34.93530499075786,44.26314875889602,1.8882175226586102,25.587248322147648,37.83068783068783,24.925199468085108,1734521871.3399017
HelpingAI_Priya-3B,39.55637707948244,39.40288144419372,1.4350453172205437,25.671140939597315,37.03703703703704,23.387632978723406,1734493749.6783984
HeraiHench_Double-Down-Qwen-Math-7B,11.090573012939002,28.189550425273392,0.0755287009063444,26.51006711409396,37.301587301587304,11.12034574468085,1738405015.8268173
HeraiHench_Marge-Qwen-Math-7B,9.057301293900185,30.411386911994448,0.5287009063444109,23.909395973154364,39.285714285714285,10.555186170212766,1738401290.0884614
HeraiHench_Phi-4-slerp-ReasoningRP-14B,10.166358595194085,41.850373199097376,0.0,29.36241610738255,31.084656084656086,18.99933510638298,1738155909.3101482
HiroseKoichi_Llama-Salad-4x8B-V3,61.367837338262476,52.2131574379448,9.592145015105741,30.285234899328863,37.301587301587304,35.1811835106383,1721639760.7244465
HoangHa_Pensez-Llama3.1-8B,32.53234750462107,46.50234334316959,11.48036253776435,28.859060402684566,35.978835978835974,31.258311170212767,1740415980.986837
HuggingFaceH4_zephyr-7b-alpha,,45.56500607533414,1.9637462235649545,,,,1718553774.3461804
HuggingFaceH4_zephyr-7b-beta,43.253234750462106,43.06544002777296,2.8700906344410875,29.026845637583893,39.15343915343915,27.809175531914892,1718555674.8435767
HuggingFaceH4_zephyr-7b-gemma-v0.1,,46.207255684776946,,,,,1718553277.3124526
HuggingFaceH4_zephyr-orpo-141b-A35b-v0.1,60.0739371534196,62.69744835965978,20.468277945619334,37.835570469798654,44.576719576719576,45.86103723404255,1718460326.9033227
HuggingFaceTB_SmolLM-1.7B,17.375231053604438,31.55702135045999,1.6616314199395772,24.161073825503358,34.12698412698413,11.477726063829788,1721311188.7085047
HuggingFaceTB_SmolLM-1.7B-Instruct,18.299445471349355,28.48463808366603,2.1148036253776437,26.006711409395972,34.78835978835979,11.660571808510637,1721310204.0276697
HuggingFaceTB_SmolLM-135M,15.157116451016636,30.08158305849679,1.3595166163141994,25.838926174496645,43.51851851851852,11.220079787234043,1721313238.4875953
HuggingFaceTB_SmolLM-135M-Instruct,6.654343807763401,29.838569692761673,0.5287009063444109,25.922818791946305,36.24338624338625,11.76030585106383,1728760842.148134
HuggingFaceTB_SmolLM-360M,14.972273567467653,30.27252213157438,1.1329305135951662,26.76174496644295,40.07936507936508,11.236702127659575,1721315414.0306628
HuggingFaceTB_SmolLM-360M-Instruct,13.493530499075785,28.48463808366603,1.812688821752266,26.426174496644293,34.65608465608466,11.660571808510637,1721314292.1674013
HuggingFaceTB_SmolLM2-1.7B,17.744916820702404,34.282242666203786,2.643504531722054,27.936241610738254,34.78835978835979,21.37632978723404,1730909785.5500076
HuggingFaceTB_SmolLM2-1.7B-Instruct,48.24399260628466,35.670890470404444,5.81570996978852,27.936241610738254,34.12698412698413,20.53690159574468,1734486459.0077453
HuggingFaceTB_SmolLM2-135M,12.014787430683919,,1.2084592145015105,,,10.945811170212766,1730895647.0766213
HuggingFaceTB_SmolLM2-135M-Instruct,3.6968576709796674,31.05363652143725,1.4350453172205437,23.406040268456376,38.62433862433862,10.920877659574469,1731587170.9489005
HuggingFaceTB_SmolLM2-360M,14.232902033271719,32.14719666724527,1.2084592145015105,24.580536912751676,39.41798941798942,11.693816489361703,1730908511.1635044
HuggingFaceTB_SmolLM2-360M-Instruct,32.34750462107209,31.227217496962332,1.5105740181268883,25.503355704697988,34.523809523809526,11.170212765957446,1732047253.3656747
HumanLLMs_Humanish-LLama3-8B-Instruct,59.33456561922365,49.435861829543484,10.27190332326284,25.587248322147648,35.714285714285715,37.017952127659576,1728126412.1851618
HumanLLMs_Humanish-Mistral-Nemo-Instruct-2407,47.874306839186694,52.28258982815483,7.628398791540786,28.7751677852349,39.55026455026455,35.2061170212766,1728265055.802678
HumanLLMs_Humanish-Qwen2.5-7B-Instruct,68.94639556377079,53.41086616906787,50.0,29.86577181208054,39.682539682539684,43.98271276595745,1728126418.9331017
IDEA-CCNL_Ziya-LLaMA-13B-v1,11.275415896487985,28.449921888561015,0.0,24.916107382550333,37.43386243386244,11.012300531914894,1718561592.330611
INSAIT-Institute_BgGPT-Gemma-2-27B-IT-v1.0,0.0,28.762367644506163,0.0,26.006711409395972,35.714285714285715,11.668882978723403,1734649537.0063083
IlyaGusev_gemma-2-2b-it-abliterated,47.504621072088725,40.80888734594688,6.117824773413897,26.51006711409396,37.698412698412696,25.382313829787233,1736302635.2451208
IlyaGusev_gemma-2-9b-it-abliterated,70.79482439926062,58.98281548342301,17.749244712990937,34.56375838926174,40.21164021164021,39.153922872340424,1736303713.775102
Infinirc_Infinirc-Llama3-8B-2G-Release-v1.0,16.266173752310536,43.412601978823126,1.6616314199395772,29.949664429530205,46.03174603174603,21.600731382978726,1727614437.668997
Intel_neural-chat-7b-v3,21.626617375231053,50.234334316958865,2.9456193353474323,29.194630872483224,50.52910052910053,26.986369680851062,1718569306.5678792
Intel_neural-chat-7b-v3-1,41.21996303142329,50.3037667071689,3.5498489425981874,29.026845637583893,49.735449735449734,26.778590425531917,1718572347.1050007
Intel_neural-chat-7b-v3-2,44.73197781885398,50.06075334143378,4.758308157099698,29.026845637583893,48.94179894179894,26.670545212765955,1718568913.1409135
IntervitensInc_internlm2_5-20b-llamafied,27.911275415896487,74.83075854886305,17.069486404833835,33.808724832214764,44.70899470899471,40.50864361702128,1731323567.8324566
Invalid-Null_PeiYangMe-0.5,8.872458410351202,27.59937510848811,0.0,24.41275167785235,37.301587301587304,11.087101063829788,1735407666.264422
Invalid-Null_PeiYangMe-0.7,9.796672828096119,29.87328588786669,1.1329305135951662,23.322147651006713,38.492063492063494,11.012300531914894,1735407668.2758565
Isaak-Carter_JOSIEv4o-8b-stage1-v4,19.038817005545287,47.07516056240236,5.287009063444108,29.194630872483224,36.507936507936506,33.161569148936174,1723489908.4896824
Isaak-Carter_Josiefied-Qwen2.5-7B-Instruct-abliterated,69.13123844731977,53.723311925013014,0.0,30.285234899328863,40.74074074074074,42.76097074468085,1726927388.7197537
Isaak-Carter_Josiefied-Qwen2.5-7B-Instruct-abliterated-v2,75.04621072088725,52.8554070473876,47.205438066465256,29.86577181208054,43.386243386243386,41.281582446808514,1726931706.706245
J-LAB_Thynk_orpo,15.89648798521257,44.315223051553545,14.803625377643503,29.278523489932883,45.10582010582011,32.31382978723404,1728981702.633116
JackFram_llama-160m,12.199630314232902,28.57142857142857,0.8308157099697886,26.174496644295303,37.83068783068783,11.278257978723403,1733005244.7565114
JackFram_llama-68m,10.905730129390019,29.005381010241276,0.6042296072507553,25.838926174496645,39.021164021164026,11.436170212765957,1733004817.5567002
Jacoby746_Casual-Magnum-34B,15.341959334565619,60.006943239021005,9.214501510574017,37.24832214765101,40.74074074074074,51.83676861702128,1730158697.7072256
Jacoby746_Inf-Silent-Kunoichi-v0.1-2x7B,31.79297597042514,51.692414511369556,7.099697885196375,28.942953020134226,42.72486772486773,32.71276595744681,1726809454.4612927
Jacoby746_Inf-Silent-Kunoichi-v0.2-2x7B,28.835489833641404,51.952785974657175,6.268882175226587,30.033557046979865,43.12169312169312,32.721077127659576,1726938015.476705
Jacoby746_Proto-Athena-4x7B,29.57486136783734,50.893942023954175,6.495468277945619,29.446308724832214,43.386243386243386,32.06449468085106,1726914740.2586699
Jacoby746_Proto-Athena-v0.2-4x7B,30.683918669131238,50.494705780246484,6.3444108761329305,29.86577181208054,42.06349206349206,31.97307180851064,1726938013.779533
Jacoby746_Proto-Harpy-Blazing-Light-v0.1-2x7B,42.69870609981516,51.622982121159524,7.477341389728097,29.53020134228188,44.44444444444444,33.01196808510639,1728048221.5838115
Jacoby746_Proto-Harpy-Spark-v0.1-7B,36.41404805914972,47.07516056240236,6.193353474320242,30.536912751677853,43.12169312169312,30.693151595744684,1727836751.947644
JayHyeon_Qwen-0.5B-DPO-1epoch,20.33271719038817,31.800034716195103,2.8700906344410875,25.25167785234899,33.46560846560847,15.575132978723405,1735201263.4837403
JayHyeon_Qwen-0.5B-DPO-5epoch,18.66913123844732,31.00156222877973,2.190332326283988,24.328859060402685,33.730158730158735,15.325797872340424,1735190195.117795
JayHyeon_Qwen-0.5B-IRPO-1epoch,19.408502772643253,31.574379448012497,1.6616314199395772,24.664429530201343,32.804232804232804,15.001662234042554,1735201644.260049
JayHyeon_Qwen-0.5B-IRPO-5epoch,19.038817005545287,31.76531852109009,3.2477341389728096,23.993288590604024,32.804232804232804,15.06815159574468,1735189809.7489858
JayHyeon_Qwen-0.5B-eDPO-1epoch,20.33271719038817,31.69588613088006,3.474320241691843,24.24496644295302,33.2010582010582,15.525265957446807,1735201452.095207
JayHyeon_Qwen-0.5B-eDPO-5epoch,18.853974121996302,30.914771741017184,1.283987915407855,24.916107382550333,33.2010582010582,15.226063829787234,1735189617.9181957
JayHyeon_Qwen2.5-0.5B-Instruct-SFT,20.70240295748614,32.33813574032286,3.927492447129909,28.27181208053691,33.33333333333333,15.201130319148938,1735243447.6138828
JayHyeon_Qwen2.5-0.5B-Instruct-SFT-DPO-1epoch_v1,19.038817005545287,32.44228432563791,3.625377643504532,27.265100671140942,34.25925925925926,15.74966755319149,1735243843.1596951
JayHyeon_Qwen2.5-0.5B-Instruct-SFT-IRPO-1epoch_v1,20.70240295748614,32.87623676445062,4.984894259818732,28.02013422818792,32.804232804232804,16.256648936170212,1735244038.9698148
JayHyeon_Qwen2.5-0.5B-Instruct-SFT-MDPO-1epoch_v1,19.408502772643253,32.44228432563791,2.794561933534743,26.845637583892618,32.93650793650794,15.757978723404257,1735243645.4390342
JayHyeon_Qwen2.5-0.5B-SFT,13.493530499075785,30.984204131227216,2.719033232628399,27.85234899328859,33.86243386243386,16.730385638297875,1735266246.69732
JayHyeon_Qwen2.5-0.5B-SFT-1e-4,14.972273567467653,30.029508765839264,0.0755287009063444,25.083892617449667,34.39153439153439,16.190159574468087,1735376055.123415
JayHyeon_Qwen2.5-0.5B-SFT-1e-4-2ep,15.711645101663585,31.48758896024996,2.643504531722054,24.664429530201343,34.65608465608466,15.367353723404257,1735543126.1043267
JayHyeon_Qwen2.5-0.5B-SFT-1e-4-3ep,17.929759704251385,30.480819302204477,0.22658610271903326,24.832214765100673,36.507936507936506,15.317486702127658,1735484505.3298452
JayHyeon_Qwen2.5-0.5B-SFT-1e-4-5ep,15.157116451016636,30.741190765492103,1.9637462235649545,25.335570469798657,33.99470899470899,15.575132978723405,1735544397.8923597
JayHyeon_Qwen2.5-0.5B-SFT-1e-5,14.417744916820702,31.088352716542268,3.7764350453172204,26.845637583892618,34.523809523809526,16.97972074468085,1735374613.096005
JayHyeon_Qwen2.5-0.5B-SFT-1e-5-2ep,14.232902033271719,31.973615691720187,0.3776435045317221,26.929530201342285,33.5978835978836,16.51429521276596,1735517116.5330079
JayHyeon_Qwen2.5-0.5B-SFT-1e-5-3ep,17.005545286506468,32.23398715500781,0.22658610271903326,27.01342281879195,33.46560846560847,16.888297872340424,1735483040.834674
JayHyeon_Qwen2.5-0.5B-SFT-1e-5-5ep,16.820702402957487,32.35549383787537,5.211480362537765,27.936241610738254,32.27513227513227,16.87998670212766,1735546678.0169506
JayHyeon_Qwen2.5-0.5B-SFT-2e-4,14.78743068391867,29.074813400451312,0.0,25.75503355704698,34.25925925925926,14.128989361702127,1735376414.263784
JayHyeon_Qwen2.5-0.5B-SFT-2e-4-2ep,12.754158964879853,29.491407741711505,0.0,24.24496644295302,35.58201058201058,14.84375,1735543126.3124452
JayHyeon_Qwen2.5-0.5B-SFT-2e-4-3ep,14.972273567467653,30.793265058149625,0.0755287009063444,26.090604026845636,34.39153439153439,14.162234042553193,1735484505.1734405
JayHyeon_Qwen2.5-0.5B-SFT-2e-4-5ep,13.123844731977819,29.057455302898806,0.3776435045317221,26.929530201342285,38.62433862433862,13.364361702127658,1735533882.9467762
JayHyeon_Qwen2.5-0.5B-SFT-2e-5,14.972273567467653,31.69588613088006,3.7009063444108756,26.929530201342285,34.78835978835979,16.78025265957447,1735399023.7535815
JayHyeon_Qwen2.5-0.5B-SFT-2e-5-2ep,16.45101663585952,31.90418330151015,0.3021148036253776,27.768456375838923,33.5978835978836,17.096077127659576,1735517113.8701687
JayHyeon_Qwen2.5-0.5B-SFT-2e-5-2ep-DPOP_3e-7-3ep_0alp_5lam,18.11460258780037,31.50494705780246,3.474320241691843,27.097315436241608,32.93650793650794,15.625,1736269575.2107112
JayHyeon_Qwen2.5-0.5B-SFT-2e-5-2ep-DPOP_5e-6-1ep_0alp_5lam,18.11460258780037,32.56379100850547,0.22658610271903326,27.600671140939596,33.46560846560847,15.699800531914892,1736160981.3305662
JayHyeon_Qwen2.5-0.5B-SFT-2e-5-2ep-DPOP_5e-6-2ep_0alp_5lam,17.190388170055453,32.49435861829543,0.0,27.936241610738254,33.99470899470899,15.408909574468085,1736161104.3673613
JayHyeon_Qwen2.5-0.5B-SFT-2e-5-2ep-DPOP_5e-6-3ep_0alp_5lam,19.223659889094268,31.83475091130012,4.078549848942599,27.600671140939596,33.46560846560847,15.550199468085108,1736161410.4003887
JayHyeon_Qwen2.5-0.5B-SFT-2e-5-2ep-DPOP_5e-7-1ep_0alp_5lam,18.299445471349355,31.661169935775042,4.003021148036254,26.76174496644295,33.2010582010582,15.600066489361703,1735863109.5756721
JayHyeon_Qwen2.5-0.5B-SFT-2e-5-2ep-DPOP_5e-7-2ep_0alp_5lam,18.484288354898336,31.314007984724874,0.0,26.76174496644295,33.2010582010582,15.475398936170212,1735862324.47226
JayHyeon_Qwen2.5-0.5B-SFT-2e-5-2ep-DPOP_5e-7-3ep_0alp_5lam,19.408502772643253,31.713244228432565,4.380664652567976,26.51006711409396,33.33333333333333,15.608377659574469,1735885773.0292077
JayHyeon_Qwen2.5-0.5B-SFT-2e-5-2ep-DPO_1e-6-1ep_0alp_0lam,19.77818853974122,31.45287276514494,4.078549848942599,27.181208053691275,32.804232804232804,15.799534574468085,1735779958.5665078
JayHyeon_Qwen2.5-0.5B-SFT-2e-5-2ep-DPO_1e-6-2ep_0alp_0lam,19.038817005545287,31.34872417982989,4.078549848942599,27.432885906040266,32.93650793650794,15.608377659574469,1735780135.9329722
JayHyeon_Qwen2.5-0.5B-SFT-2e-5-2ep-DPO_1e-6-3ep_0alp_0lam,20.33271719038817,31.175143204304806,4.003021148036254,27.432885906040266,33.06878306878307,15.74966755319149,1735780317.730276
JayHyeon_Qwen2.5-0.5B-SFT-2e-5-2ep-DPO_1e-7-2ep_0alp_0lam,20.33271719038817,31.55702135045999,3.625377643504532,27.01342281879195,33.33333333333333,15.766289893617023,1736304864.742512
JayHyeon_Qwen2.5-0.5B-SFT-2e-5-2ep-DPO_1e-7-3ep_0alp_0lam,20.147874306839185,31.609095643117513,3.5498489425981874,26.34228187919463,32.804232804232804,15.83277925531915,1736304863.21315
JayHyeon_Qwen2.5-0.5B-SFT-2e-5-2ep-DPO_2e-6-1ep_0alp_0lam,17.929759704251385,31.678528033327545,0.22658610271903326,27.516778523489936,32.67195767195767,15.80784574468085,1735780501.566232
JayHyeon_Qwen2.5-0.5B-SFT-2e-5-2ep-DPO_2e-6-2ep_0alp_0lam,19.223659889094268,31.990973789272697,5.0604229607250755,27.600671140939596,32.53968253968254,15.375664893617023,1735780680.0582938
JayHyeon_Qwen2.5-0.5B-SFT-2e-5-2ep-DPO_2e-6-3ep_0alp_0lam,18.66913123844732,32.02568998437771,4.1540785498489425,27.265100671140942,32.67195767195767,15.392287234042554,1735780860.7808073
JayHyeon_Qwen2.5-0.5B-SFT-2e-5-2ep-DPO_3e-6-1ep_0alp_0lam,19.038817005545287,32.23398715500781,0.0755287009063444,28.187919463087248,32.53968253968254,15.733045212765958,1735781044.2377563
JayHyeon_Qwen2.5-0.5B-SFT-2e-5-2ep-DPO_3e-6-2ep_0alp_0lam,17.744916820702404,32.02568998437771,4.607250755287009,27.432885906040266,33.46560846560847,15.159574468085108,1735781227.2509253
JayHyeon_Qwen2.5-0.5B-SFT-2e-5-2ep-DPO_3e-6-3ep_0alp_0lam,18.299445471349355,32.26870335011283,0.0755287009063444,27.01342281879195,33.86243386243386,15.50033244680851,1735885650.0111368
JayHyeon_Qwen2.5-0.5B-SFT-2e-5-2ep-DPO_3e-7-3ep_0alp_0lam,19.408502772643253,31.609095643117513,0.0755287009063444,26.51006711409396,32.804232804232804,15.741356382978724,1736304863.2163358
JayHyeon_Qwen2.5-0.5B-SFT-2e-5-2ep-DPO_5e-6-1ep_0alp_0lam,18.484288354898336,32.28606144766534,0.3021148036253776,27.432885906040266,33.2010582010582,15.724734042553193,1735781589.2915795
JayHyeon_Qwen2.5-0.5B-SFT-2e-5-2ep-DPO_5e-6-2ep_0alp_0lam,19.038817005545287,32.077764277035236,0.0755287009063444,28.02013422818792,33.99470899470899,14.960106382978724,1735781770.8340669
JayHyeon_Qwen2.5-0.5B-SFT-2e-5-2ep-DPO_5e-6-3ep_0alp_0lam,18.11460258780037,32.49435861829543,4.45619335347432,27.600671140939596,33.99470899470899,14.985039893617023,1736163742.9499276
JayHyeon_Qwen2.5-0.5B-SFT-2e-5-2ep-DPO_5e-7_1ep_0alp_0lam,19.593345656192238,31.591737545565007,0.0755287009063444,27.348993288590606,33.33333333333333,15.724734042553193,1735698430.1425533
JayHyeon_Qwen2.5-0.5B-SFT-2e-5-2ep-DPO_5e-7_2ep_0alp_0lam,19.408502772643253,31.418156570039923,0.0,27.265100671140942,32.93650793650794,15.716422872340424,1735692951.793263
JayHyeon_Qwen2.5-0.5B-SFT-2e-5-2ep-DPO_5e-7_3ep_0alp_0lam,19.223659889094268,31.782676618642597,4.833836858006042,27.348993288590606,33.06878306878307,15.66655585106383,1735692709.5375552
JayHyeon_Qwen2.5-0.5B-SFT-2e-5-2ep-DPO_7e-7_1ep_0alp_0lam,21.256931608133087,31.609095643117513,0.0,27.600671140939596,32.804232804232804,15.674867021276595,1735698110.2113643
JayHyeon_Qwen2.5-0.5B-SFT-2e-5-2ep-DPO_7e-7_2ep_0alp_0lam,19.223659889094268,31.470230862697445,0.0755287009063444,27.097315436241608,32.93650793650794,15.691489361702127,1735697913.1850355
JayHyeon_Qwen2.5-0.5B-SFT-2e-5-2ep-DPO_7e-7_3ep_0alp_0lam,21.256931608133087,31.227217496962332,0.0755287009063444,27.432885906040266,33.33333333333333,15.658244680851062,1735697913.1845255
JayHyeon_Qwen2.5-0.5B-SFT-2e-5-2ep-IRPO_1e-7-1ep_1alp_0lam,19.593345656192238,31.973615691720187,4.909365558912387,27.01342281879195,32.804232804232804,15.708111702127658,1736248606.625805
JayHyeon_Qwen2.5-0.5B-SFT-2e-5-2ep-IRPO_1e-7-2ep_1alp_0lam,19.223659889094268,31.83475091130012,0.0755287009063444,26.677852348993287,33.06878306878307,15.866023936170212,1736248606.6262276
JayHyeon_Qwen2.5-0.5B-SFT-2e-5-2ep-IRPO_1e-7-3ep_1alp_0lam,19.038817005545287,32.112480472140255,4.003021148036254,27.097315436241608,32.93650793650794,15.558510638297873,1736304863.2126265
JayHyeon_Qwen2.5-0.5B-SFT-2e-5-2ep-IRPO_3e-7-3ep_1alp_0lam,20.147874306839185,31.678528033327545,3.625377643504532,27.265100671140942,32.67195767195767,15.857712765957446,1736250187.165306
JayHyeon_Qwen2.5-0.5B-SFT-2e-5-2ep-IRPO_5e-6-1ep_1alp_0lam,17.929759704251385,31.76531852109009,4.531722054380665,28.27181208053691,32.53968253968254,15.475398936170212,1736162443.9962823
JayHyeon_Qwen2.5-0.5B-SFT-2e-5-2ep-IRPO_5e-6-2ep_1alp_0lam,18.484288354898336,32.424926228085404,4.1540785498489425,27.01342281879195,33.730158730158735,15.209441489361703,1736162570.3669212
JayHyeon_Qwen2.5-0.5B-SFT-2e-5-2ep-IRPO_5e-6-3ep_1alp_0lam,17.190388170055453,33.13660822773824,0.0755287009063444,26.593959731543627,33.2010582010582,15.674867021276595,1736162959.3768342
JayHyeon_Qwen2.5-0.5B-SFT-2e-5-2ep-IRPO_5e-7-1ep_1alp_0lam,19.038817005545287,31.626453740670023,0.0,27.936241610738254,32.93650793650794,15.74966755319149,1735858866.651919
JayHyeon_Qwen2.5-0.5B-SFT-2e-5-2ep-IRPO_5e-7-2ep_1alp_0lam,19.593345656192238,31.522305155354974,0.0,27.516778523489933,33.2010582010582,15.757978723404257,1735857528.9913833
JayHyeon_Qwen2.5-0.5B-SFT-2e-5-2ep-IRPO_5e-7-3ep_1alp_0lam,20.70240295748614,31.74796042353758,0.0,27.181208053691275,32.804232804232804,15.66655585106383,1735857467.373306
JayHyeon_Qwen2.5-0.5B-SFT-2e-5-2ep-MDPO_0.5_1e-7-1ep_0alp_0lam,19.408502772643253,31.661169935775042,0.0755287009063444,26.51006711409396,33.33333333333333,15.625,1736242195.3927813
JayHyeon_Qwen2.5-0.5B-SFT-2e-5-2ep-MDPO_0.5_1e-7-2ep_0alp_0lam,18.484288354898336,31.69588613088006,4.003021148036254,26.845637583892618,33.2010582010582,15.74966755319149,1736242195.392001
JayHyeon_Qwen2.5-0.5B-SFT-2e-5-2ep-MDPO_0.5_1e-7-3ep_0alp_0lam,19.593345656192238,31.800034716195103,4.229607250755287,26.593959731543627,33.33333333333333,15.757978723404257,1736303968.1045408
JayHyeon_Qwen2.5-0.5B-SFT-2e-5-2ep-MDPO_1e-6-3ep_0alp_0lam,18.66913123844732,31.383440374934906,0.1510574018126888,27.348993288590606,33.06878306878307,15.566821808510639,1735705203.1022232
JayHyeon_Qwen2.5-0.5B-SFT-2e-5-2ep-MDPO_1e-6_1ep_0alp_0lam,19.408502772643253,31.800034716195103,0.0755287009063444,27.600671140939596,32.93650793650794,15.915890957446807,1735705080.0970051
JayHyeon_Qwen2.5-0.5B-SFT-2e-5-2ep-MDPO_1e-6_2ep_0alp_0lam,19.963031423290204,31.574379448012497,0.0755287009063444,27.181208053691275,32.804232804232804,15.608377659574469,1735704777.6595364
JayHyeon_Qwen2.5-0.5B-SFT-2e-5-2ep-MDPO_2e-6-3ep_0alp_0lam,19.223659889094268,31.782676618642597,0.0,27.265100671140942,32.53968253968254,15.375664893617023,1735705441.0998971
JayHyeon_Qwen2.5-0.5B-SFT-2e-5-2ep-MDPO_2e-6_1ep_0alp_0lam,18.11460258780037,31.800034716195103,4.531722054380665,28.02013422818792,32.142857142857146,15.824468085106384,1735705441.1003194
JayHyeon_Qwen2.5-0.5B-SFT-2e-5-2ep-MDPO_2e-6_2ep_0alp_0lam,19.963031423290204,31.626453740670023,4.305135951661631,27.181208053691275,32.804232804232804,15.392287234042554,1735705683.8917243
JayHyeon_Qwen2.5-0.5B-SFT-2e-5-2ep-MDPO_3e-6-1ep_0alp_0lam,19.223659889094268,31.973615691720187,3.474320241691843,27.265100671140942,32.53968253968254,15.882646276595743,1735779062.333845
JayHyeon_Qwen2.5-0.5B-SFT-2e-5-2ep-MDPO_3e-6-2ep_0alp_0lam,19.223659889094268,32.112480472140255,3.7764350453172204,27.936241610738254,32.93650793650794,15.334109042553193,1735778879.7677968
JayHyeon_Qwen2.5-0.5B-SFT-2e-5-2ep-MDPO_3e-6-3ep_0alp_0lam,19.77818853974122,32.35549383787537,5.362537764350453,27.768456375838923,33.5978835978836,15.309175531914892,1735779598.7084754
JayHyeon_Qwen2.5-0.5B-SFT-2e-5-2ep-MDPO_5e-6-1ep_0alp_0lam,16.635859519408502,32.424926228085404,0.1510574018126888,27.348993288590606,32.53968253968254,15.683178191489361,1735779415.6579363
JayHyeon_Qwen2.5-0.5B-SFT-2e-5-2ep-MDPO_5e-6-2ep_0alp_0lam,17.375231053604438,32.06040617948273,0.0,27.684563758389263,33.99470899470899,15.001662234042554,1735779239.1521397
JayHyeon_Qwen2.5-0.5B-SFT-2e-5-2ep-MDPO_5e-6-3ep_0alp_0lam,19.77818853974122,32.58114910605798,4.078549848942599,27.768456375838923,33.86243386243386,15.209441489361703,1735779778.1284008
JayHyeon_Qwen2.5-0.5B-SFT-2e-5-2ep-MDPO_5e-7-3ep_0alp_0lam,21.256931608133087,31.591737545565007,3.625377643504532,26.174496644295303,32.93650793650794,15.74966755319149,1735637214.720337
JayHyeon_Qwen2.5-0.5B-SFT-2e-5-2ep-MDPO_5e-7_1ep_0alp_0lam,19.408502772643253,31.713244228432565,0.0755287009063444,27.181208053691275,32.67195767195767,15.949135638297873,1735632249.8485126
JayHyeon_Qwen2.5-0.5B-SFT-2e-5-2ep-MDPO_5e-7_2ep_0alp_0lam,20.147874306839185,31.3660822773824,0.0,27.684563758389263,32.67195767195767,15.616688829787234,1735632057.8238897
JayHyeon_Qwen2.5-0.5B-SFT-2e-5-2ep-MDPO_7e-7-3ep_0alp_0lam,19.038817005545287,31.314007984724874,0.0,27.01342281879195,32.93650793650794,15.558510638297873,1735697913.1849194
JayHyeon_Qwen2.5-0.5B-SFT-2e-5-2ep-MDPO_7e-7_1ep_0alp_0lam,19.223659889094268,31.574379448012497,0.0755287009063444,26.25838926174497,33.06878306878307,15.66655585106383,1735699353.8438542
JayHyeon_Qwen2.5-0.5B-SFT-2e-5-2ep-MDPO_7e-7_2ep_0alp_0lam,19.963031423290204,31.470230862697445,4.380664652567976,27.01342281879195,32.67195767195767,15.533577127659576,1735699764.4902349
JayHyeon_Qwen2.5-0.5B-SFT-2e-5-3ep,17.56007393715342,32.12983856969276,4.531722054380665,26.174496644295303,32.93650793650794,17.461768617021274,1735483037.8434575
JayHyeon_Qwen2.5-0.5B-SFT-2e-5-5ep,18.299445471349355,32.91095295955564,0.5287009063444109,26.426174496644293,33.99470899470899,16.954787234042552,1735540945.0563426
JayHyeon_Qwen2.5-0.5B-SFT-2e-5-5ep-MDPO_5e-7_3ep_0alp_0lam,19.223659889094268,32.16455476479778,0.1510574018126888,26.76174496644295,35.18518518518518,15.741356382978724,1735608632.8974037
JayHyeon_Qwen2.5-0.5B-SFT-2e-5-5ep-MDPO_5e-7_3ep_0alp_0lam_1ep,19.408502772643253,31.48758896024996,0.1510574018126888,26.25838926174497,34.65608465608466,15.965757978723405,1735610392.6931112
JayHyeon_Qwen2.5-0.5B-SFT-2e-5-5ep-MDPO_5e-7_3ep_0alp_0lam_2ep,19.77818853974122,31.730602325985075,3.8519637462235647,26.51006711409396,34.25925925925926,15.616688829787234,1735609007.5954583
JayHyeon_Qwen2.5-0.5B-SFT-2e-5-5ep-MDPO_7e-7_3ep_0alp_0lam,18.484288354898336,31.921541399062665,3.3987915407854987,27.01342281879195,35.05291005291005,15.633311170212766,1735608820.6431608
JayHyeon_Qwen2.5-0.5B-SFT-2e-5-5ep-MDPO_7e-7_3ep_0alp_0lam_1ep,19.038817005545287,31.661169935775042,3.927492447129909,26.845637583892618,34.65608465608466,15.915890957446807,1735610773.1320188
JayHyeon_Qwen2.5-0.5B-SFT-2e-5-5ep-MDPO_7e-7_3ep_0alp_0lam_2ep,19.223659889094268,31.88682520395765,4.1540785498489425,26.929530201342285,35.05291005291005,15.558510638297873,1735610710.5030174
JayHyeon_Qwen2.5-0.5B-SFT-5e-5,14.417744916820702,30.897413643464677,3.3987915407854987,26.76174496644295,33.730158730158735,16.722074468085108,1735374972.6366026
JayHyeon_Qwen2.5-0.5B-SFT-5e-5-2ep,16.635859519408502,31.609095643117513,0.1510574018126888,26.006711409395972,33.5978835978836,16.273271276595743,1735517231.1453555
JayHyeon_Qwen2.5-0.5B-SFT-5e-5-3ep,16.635859519408502,32.772088179135565,0.2265861027190332,25.335570469798657,35.84656084656085,16.51429521276596,1735483037.911985
JayHyeon_Qwen2.5-0.5B-SFT-5e-5-5ep,15.526802218114602,32.52907481340045,2.719033232628399,26.845637583892618,37.56613756613756,15.866023936170212,1735542495.4053273
JayHyeon_Qwen2.5-0.5B-SFT-7e-5,15.711645101663585,31.400798472487416,3.0211480362537766,25.671140939597315,33.5978835978836,16.22340425531915,1735375640.5465477
JayHyeon_Qwen2.5-0.5B-SFT-7e-5-2ep,16.266173752310536,30.880055545912168,3.927492447129909,24.24496644295302,33.5978835978836,15.674867021276595,1735517231.1452763
JayHyeon_Qwen2.5-0.5B-SFT-7e-5-3ep,18.11460258780037,31.730602325985075,3.3232628398791544,23.657718120805367,35.44973544973545,15.217752659574469,1735483037.8439703
JayHyeon_Qwen2.5-0.5B-SFT-7e-5-5ep,15.89648798521257,31.85210900885263,2.190332326283988,24.580536912751676,37.03703703703704,16.28158244680851,1735542682.6538439
JayHyeon_Qwen2.5-0.5B-SFT-DPO-1epoch_v1,14.232902033271719,32.44228432563791,3.625377643504532,27.265100671140942,32.01058201058201,13.297872340425531,1735353799.0755575
JayHyeon_Qwen2.5-0.5B-SFT-MDPO-1epoch_v1,13.863216266173753,32.70265578892553,4.682779456193353,27.600671140939596,32.53968253968254,13.372672872340424,1735279061.218037
JayHyeon_Qwen_0.5-DPOP_1e-6-3ep_0alp_5lam,19.593345656192238,31.261933692067352,0.0,27.432885906040266,33.06878306878307,15.658244680851062,1736821033.3458312
JayHyeon_Qwen_0.5-DPOP_1e-7-3ep_0alp_5lam,21.256931608133087,31.74796042353758,4.078549848942599,26.677852348993287,32.804232804232804,15.625,1736795713.0442371
JayHyeon_Qwen_0.5-DPOP_3e-6-1ep_0alp_5lam,19.038817005545287,32.45964242319042,0.3776435045317221,26.006711409395972,33.5978835978836,15.649933510638297,1736393990.4047482
JayHyeon_Qwen_0.5-DPOP_3e-6-2ep_0alp_5lam,17.929759704251385,32.02568998437771,4.305135951661631,27.936241610738254,33.33333333333333,15.034906914893616,1736393504.2757258
JayHyeon_Qwen_0.5-DPOP_3e-6-3ep_0alp_5lam,18.853974121996302,32.04304808193022,4.003021148036254,27.01342281879195,33.2010582010582,15.334109042553193,1736393929.4991562
JayHyeon_Qwen_0.5-DPOP_3e-7-1ep_0alp_5lam,18.853974121996302,31.661169935775042,0.0755287009063444,26.174496644295303,33.33333333333333,15.649933510638297,1736917849.3978484
JayHyeon_Qwen_0.5-DPOP_3e-7-2ep_0alp_5lam,20.33271719038817,31.730602325985075,0.0755287009063444,26.174496644295303,32.53968253968254,15.66655585106383,1736917351.1485527
JayHyeon_Qwen_0.5-DPOP_3e-7-3ep_0alp_5lam,19.223659889094268,31.34872417982989,4.1540785498489425,26.76174496644295,32.53968253968254,15.83277925531915,1736931083.7017517
JayHyeon_Qwen_0.5-DPOP_5e-7-1ep_0alp_5lam,18.66913123844732,31.522305155354974,3.7764350453172204,27.181208053691275,33.2010582010582,15.683178191489361,1736391074.5938687
JayHyeon_Qwen_0.5-DPOP_5e-7-2ep_0alp_5lam,19.223659889094268,31.90418330151015,4.380664652567976,27.01342281879195,32.804232804232804,15.733045212765958,1736390528.6092985
JayHyeon_Qwen_0.5-DPOP_5e-7-3ep_0alp_5lam,20.147874306839185,31.88682520395765,0.0755287009063444,27.097315436241608,32.804232804232804,15.83277925531915,1736390226.8484313
JayHyeon_Qwen_0.5-DPO_1e-6-3ep_0alp_0lam,17.190388170055453,32.33813574032286,5.287009063444108,26.929530201342285,32.142857142857146,15.799534574468085,1736781677.607868
JayHyeon_Qwen_0.5-DPO_1e-7-3ep_0alp_0lam,18.299445471349355,32.04304808193022,0.0,27.097315436241608,32.142857142857146,15.957446808510639,1736792145.8061352
JayHyeon_Qwen_0.5-DPO_3e-6-1ep_0alp_0lam,17.005545286506468,31.175143204304806,3.474320241691843,26.090604026845636,32.27513227513227,15.325797872340424,1736392895.6698842
JayHyeon_Qwen_0.5-DPO_3e-6-2ep_0alp_0lam,20.33271719038817,32.511716715847946,0.6042296072507553,27.181208053691275,31.48148148148148,15.649933510638297,1736392531.8401194
JayHyeon_Qwen_0.5-DPO_3e-6-3ep_0alp_0lam,19.223659889094268,32.44228432563791,0.22658610271903326,26.845637583892618,32.01058201058201,15.433843085106384,1736291892.8311465
JayHyeon_Qwen_0.5-DPO_3e-7-1ep_0alp_0lam,19.408502772643253,32.112480472140255,0.0755287009063444,26.76174496644295,31.878306878306876,15.965757978723405,1736931082.219908
JayHyeon_Qwen_0.5-DPO_3e-7-2ep_0alp_0lam,19.038817005545287,32.35549383787537,0.0,27.181208053691275,31.878306878306876,15.990691489361703,1736931083.8135724
JayHyeon_Qwen_0.5-DPO_3e-7-3ep_0alp_0lam,18.484288354898336,32.390210032980384,0.0,27.432885906040266,31.613756613756617,15.89095744680851,1736931081.8493688
JayHyeon_Qwen_0.5-DPO_5e-7-1ep_0alp_0lam,19.593345656192238,32.02568998437771,6.3444108761329305,26.845637583892618,32.01058201058201,15.932513297872342,1737803493.5851493
JayHyeon_Qwen_0.5-DPO_5e-7-2ep_0alp_0lam,18.66913123844732,32.8415205693456,5.362537764350453,27.097315436241608,31.746031746031743,16.015625,1736389141.7153735
JayHyeon_Qwen_0.5-DPO_5e-7-3ep_0alp_0lam,18.11460258780037,32.52907481340045,0.0755287009063444,27.432885906040266,31.746031746031743,15.949135638297873,1736306158.3530648
JayHyeon_Qwen_0.5-IPO_5e-7-1ep_0alp_0lam,19.223659889094268,32.65058149626801,5.589123867069486,26.929530201342285,31.613756613756617,16.505984042553195,1737863782.2247984
JayHyeon_Qwen_0.5-IPO_5e-7-3ep_0alp_0lam,24.399260628465804,32.56379100850547,0.0,25.671140939597315,31.48148148148148,16.24002659574468,1737865184.6565015
JayHyeon_Qwen_0.5-IRPO_1e-6-3ep_1alp_0lam,19.963031423290204,32.21662905745531,4.682779456193353,26.677852348993287,31.746031746031743,15.741356382978724,1736815603.2348459
JayHyeon_Qwen_0.5-IRPO_1e-7-3ep_1alp_0lam,20.70240295748614,31.782676618642597,5.13595166163142,27.600671140939596,32.53968253968254,15.857712765957446,1736781187.2501178
JayHyeon_Qwen_0.5-IRPO_3e-6-1ep_1alp_0lam,17.56007393715342,32.407568130532894,0.2265861027190332,25.083892617449667,31.613756613756617,16.115359042553195,1736394909.2108536
JayHyeon_Qwen_0.5-IRPO_3e-6-2ep_1alp_0lam,18.299445471349355,32.98038534976567,0.0,25.16778523489933,33.33333333333333,15.317486702127658,1736394355.4569175
JayHyeon_Qwen_0.5-IRPO_3e-6-3ep_1alp_0lam,20.70240295748614,33.466412081235895,5.13595166163142,25.419463087248324,33.730158730158735,15.608377659574469,1736394051.2511382
JayHyeon_Qwen_0.5-IRPO_3e-7-1ep_1alp_0lam,20.51756007393715,32.19927095990279,5.362537764350453,27.181208053691275,31.878306878306876,15.89095744680851,1736931082.1268132
JayHyeon_Qwen_0.5-IRPO_3e-7-3ep_1alp_0lam,20.88724584103512,32.35549383787537,0.0,27.01342281879195,32.01058201058201,15.866023936170212,1736931086.154654
JayHyeon_Qwen_0.5-IRPO_5e-7-1ep_1alp_0lam,19.77818853974122,31.973615691720187,5.740181268882175,27.348993288590606,31.613756613756617,15.84940159574468,1736392470.3710902
JayHyeon_Qwen_0.5-IRPO_5e-7-2ep_1alp_0lam,18.66913123844732,32.477000520742926,0.0,27.265100671140942,31.878306878306876,15.541888297872342,1736392048.1501443
JayHyeon_Qwen_0.5-IRPO_5e-7-3ep_1alp_0lam,18.853974121996302,32.26870335011283,5.287009063444108,27.181208053691275,31.746031746031743,15.633311170212766,1736391927.985705
JayHyeon_Qwen_0.5-MDPO_0.1_3e-6-3ep_0alp_0lam,19.77818853974122,32.424926228085404,4.984894259818732,28.187919463087248,33.730158730158735,15.217752659574469,1736789119.1143203
JayHyeon_Qwen_0.5-MDPO_0.1_5e-7-3ep_0alp_0lam,19.038817005545287,31.609095643117513,0.0755287009063444,26.34228187919463,33.06878306878307,15.658244680851062,1737441582.489225
JayHyeon_Qwen_0.5-MDPO_0.3_3e-6-3ep_0alp_0lam,19.223659889094268,31.973615691720187,0.0,28.02013422818792,33.730158730158735,15.44215425531915,1736396176.2378757
JayHyeon_Qwen_0.5-MDPO_0.3_5e-7-3ep_0alp_0lam,19.408502772643253,31.591737545565007,0.1510574018126888,26.929530201342285,33.2010582010582,15.691489361702127,1736395922.908302
JayHyeon_Qwen_0.5-MDPO_0.5_1e-5-3ep_0alp_0lam,17.375231053604438,32.18191286235029,3.927492447129909,27.432885906040266,33.5978835978836,15.425531914893616,1736792147.2588718
JayHyeon_Qwen_0.5-MDPO_0.5_3e-7-1ep_0alp_0lam,18.853974121996302,31.591737545565007,4.229607250755287,26.25838926174497,32.804232804232804,15.799534574468085,1736931081.8510125
JayHyeon_Qwen_0.5-MDPO_0.5_3e-7-2ep_0alp_0lam,19.408502772643253,31.800034716195103,4.229607250755287,27.01342281879195,33.06878306878307,15.708111702127658,1736919334.0332794
JayHyeon_Qwen_0.5-MDPO_0.5_3e-7-3ep_0alp_0lam,19.593345656192238,31.817392813747613,4.229607250755287,26.34228187919463,32.53968253968254,15.508643617021276,1736931082.3228414
JayHyeon_Qwen_0.5-MDPO_0.5_4e-6-3ep_0alp_0lam,19.593345656192238,32.30341954521784,4.758308157099698,27.516778523489933,34.12698412698413,15.392287234042554,1736815835.7654533
JayHyeon_Qwen_0.5-MDPO_0.5_6e-6-3ep_0alp_0lam,17.375231053604438,32.511716715847946,0.0755287009063444,27.097315436241615,33.86243386243386,15.367353723404257,1736781114.3447585
JayHyeon_Qwen_0.5-MDPO_0.5_7e-6-3ep_0alp_0lam,19.77818853974122,32.65058149626801,0.0,27.181208053691275,33.33333333333333,15.309175531914892,1736788941.5367534
JayHyeon_Qwen_0.5-MDPO_0.5_7e-7-3ep_0alp_0lam,19.77818853974122,31.05363652143725,0.0755287009063444,27.097315436241608,32.804232804232804,15.641622340425531,1736817471.910543
JayHyeon_Qwen_0.5-MDPO_0.7_3e-6-3ep_0alp_0lam,19.223659889094268,32.008331886825204,4.380664652567976,27.516778523489933,33.06878306878307,15.383976063829788,1736396494.1733282
JayHyeon_Qwen_0.5-MDPO_0.7_5e-7-3ep_0alp_0lam,19.038817005545287,31.609095643117513,3.8519637462235647,26.677852348993287,32.67195767195767,15.724734042553193,1737442172.7051804
JayHyeon_Qwen_0.5-MDPO_0.9_5e-7-3ep_0alp_0lam,20.147874306839185,31.74796042353758,0.0755287009063444,26.51006711409396,32.53968253968254,15.757978723404257,1736788754.735721
JayHyeon_Qwen_0.5-VDPO_5e-7-1ep_0alp_0lam,19.77818853974122,32.008331886825204,0.22658610271903326,27.181208053691275,32.27513227513227,15.949135638297873,1737795742.5549307
JayHyeon_Qwen_0.5-VDPO_5e-7-1ep_10vpo_const,20.147874306839185,32.19927095990279,4.909365558912387,27.600671140939596,32.27513227513227,15.965757978723405,1740441945.7357166
JayHyeon_Qwen_0.5-VDPO_5e-7-1ep_3vpo_const,19.038817005545287,32.112480472140255,4.682779456193353,27.097315436241608,32.01058201058201,15.89095744680851,1740441917.5931365
JayHyeon_Qwen_0.5-VDPO_5e-7-3ep_0alp_0lam,19.223659889094268,32.390210032980384,4.984894259818732,27.516778523489933,32.01058201058201,15.866023936170212,1737853933.9763594
JayHyeon_Qwen_0.5-VIPO_5e-7-1ep_0alp_0lam,20.51756007393715,32.92831105710814,7.099697885196375,26.76174496644295,31.613756613756617,16.339760638297875,1737811943.5784597
JayHyeon_Qwen_0.5-VIPO_5e-7-1ep_30vpo_const,19.593345656192238,32.66793959382051,7.401812688821751,26.929530201342285,32.142857142857146,16.339760638297875,1740451742.5088935
JayHyeon_Qwen_0.5-VIPO_5e-7-1ep_3vpo_const,20.51756007393715,32.806804374240585,6.495468277945619,27.01342281879195,31.613756613756617,16.51429521276596,1740417071.1800542
JayHyeon_Qwen_0.5-VIPO_5e-7-3ep_0alp_0lam,23.475046210720887,31.990973789272697,0.0,26.845637583892618,31.084656084656086,15.907579787234042,1737854304.924566
JayHyeon_Qwen_0.5-cDPO_5e-7-3ep_0vpo_const_0.1,18.11460258780037,32.26870335011283,5.13595166163142,27.768456375838923,32.142857142857146,15.733045212765958,1740435213.6750486
JayHyeon_Qwen_0.5-cDPO_5e-7-3ep_0vpo_const_0.3,19.038817005545287,31.921541399062665,4.607250755287009,28.104026845637588,32.67195767195767,15.66655585106383,1739899343.2591748
JayHyeon_Qwen_0.5-rDPO_3e-6-1ep_0vpo_const_0.1,16.45101663585952,32.58114910605798,4.758308157099698,25.75503355704698,30.158730158730158,14.960106382978724,1740650883.2746649
JayHyeon_Qwen_0.5-rDPO_5e-7-3ep_0vpo_const_0.3,21.441774491682068,32.30341954521784,4.607250755287009,25.083892617449667,30.82010582010582,15.965757978723405,1739900050.091903
Jimmy19991222_Llama-3-Instruct-8B-SimPO-v0.2,59.70425138632163,49.6962332928311,6.193353474320242,31.45973154362416,40.07936507936508,36.86003989361702,1725797175.1500728
Jimmy19991222_llama-3-8b-instruct-gapo-v2-bert-f1-beta10-gamma0.3-lr1.0e-6-1minus-rerun,61.92236598890942,48.6373893421281,6.042296072507553,29.446308724832214,40.34391534391534,36.336436170212764,1726671252.556084
Jimmy19991222_llama-3-8b-instruct-gapo-v2-bert_f1-beta10-gamma0.3-lr1.0e-6-scale-log,59.88909426987061,49.24492275646589,2.9456193353474323,30.453020134228186,39.94708994708995,36.57746010638298,1727087815.3414526
Jimmy19991222_llama-3-8b-instruct-gapo-v2-bert_p-beta10-gamma0.3-lr1.0e-6-scale-log,57.116451016635864,49.01926748828328,6.495468277945619,28.60738255033557,39.285714285714285,36.11203457446808,1727087843.6586616
Jimmy19991222_llama-3-8b-instruct-gapo-v2-bleu-beta0.1-no-length-scale-gamma0.4,56.74676524953789,49.66151709772609,1.6616314199395772,29.278523489932883,40.07936507936508,35.44714095744681,1725865304.9912307
Jimmy19991222_llama-3-8b-instruct-gapo-v2-rouge2-beta10-1minus-gamma0.3-rerun,61.367837338262476,49.31435514667592,6.117824773413897,30.620805369127517,39.81481481481482,36.57746010638298,1726676313.910734
Jimmy19991222_llama-3-8b-instruct-gapo-v2-rouge2-beta10-gamma0.3-lr1.0e-6-scale-log,60.998151571164506,49.071341780940806,6.570996978851963,30.369127516778523,39.94708994708995,36.643949468085104,1727087824.9192624
Jimmy19991222_llama-3-8b-instruct-gapo-v2-rougeL-beta10-gamma0.3-lr1.0e-6-scale-log,59.33456561922365,49.38378753688596,4.1540785498489425,30.201342281879196,39.55026455026455,37.109375,1727087892.924607
Joseph717171_Hermes-3-Llama-3.1-8B_TIES_with_Base_Embeds_Initialized_to_Special_Instruct_Toks_dtypeF32,56.56192236598891,51.64034021871203,5.13595166163142,28.27181208053691,43.65079365079365,31.441156914893615,1730177997.7311854
Joseph717171_Llama-3.1-SuperNova-8B-Lite_TIES_with_Base,77.63401109057301,51.10223919458428,18.35347432024169,30.956375838926174,41.00529100529101,38.80485372340425,1727924738.0324128
Josephgflowers_Cinder-Phi-2-V1-F16-gguf,18.11460258780037,43.72504773476827,2.416918429003021,28.187919463087248,34.25925925925926,21.60904255319149,1721737066.8111129
Josephgflowers_Differential-Attention-Liquid-Metal-Tinyllama,17.56007393715342,28.918590522478738,3.2477341389728096,25.083892617449667,33.46560846560847,12.142619680851062,1730985548.261415
Josephgflowers_TinyLlama-Cinder-Agent-v1,21.256931608133087,30.932129838569693,3.474320241691843,24.41275167785235,33.86243386243386,11.610704787234043,1721299880.125724
Josephgflowers_TinyLlama-v1.1-Cinders-World,19.408502772643253,29.647630619684083,3.474320241691843,24.41275167785235,33.46560846560847,11.98470744680851,1728966228.4832578
Josephgflowers_TinyLlama_v1.1_math_code-world-test-1,0.36968576709796674,31.209859399409822,1.9637462235649545,23.406040268456376,34.92063492063492,11.319813829787234,1726278340.1348035
Josephgflowers_Tinyllama-STEM-Cinder-Agent-v1,15.89648798521257,30.498177399756987,6.722054380664652,23.48993288590604,33.33333333333333,10.862699468085106,1732734076.6846778
JungZoona_T3Q-Qwen2.5-14B-Instruct-1M-e3,69.50092421441775,75.76809581669849,28.625377643504528,41.69463087248322,58.994708994709,58.84308510638297,1741861435.4020596
JungZoona_T3Q-qwen2.5-14b-v1.0-e3,69.50092421441775,75.76809581669849,28.625377643504528,41.69463087248322,58.994708994709,58.84308510638297,1741888331.4809458
Junhoee_Qwen-Megumin,67.28280961182995,52.59503558409998,49.01812688821752,29.61409395973154,39.682539682539684,41.98803191489361,1732611384.9072623
KSU-HW-SEC_Llama3-70b-SVA-FT-1415,56.931608133086876,66.46415552855407,20.090634441087612,37.5,45.5026455026455,52.42686170212766,1726289681.843968
KSU-HW-SEC_Llama3-70b-SVA-FT-500,57.116451016635864,66.84603367470925,21.37462235649547,38.08724832214765,44.97354497354497,52.268949468085104,1726289768.2357702
KSU-HW-SEC_Llama3-70b-SVA-FT-final,56.74676524953789,66.46415552855407,20.090634441087612,37.5,45.5026455026455,52.42686170212766,1726289808.4860146
KSU-HW-SEC_Llama3.1-70b-SVA-FT-1000step,68.02218114602587,68.91164728345774,29.607250755287005,39.59731543624161,45.767195767195766,52.51828457446809,1726289956.1872153
Khetterman_DarkAtom-12B-v3,56.56192236598891,51.20638777989932,11.10271903323263,29.78187919463087,44.576719576719576,35.46376329787234,1733866032.1698258
Khetterman_Kosmos-8B-v1,34.380776340110906,52.16108314528728,9.894259818731117,29.86577181208054,39.15343915343915,36.6938164893617,1735299839.7186775
Kimargin_GPT-NEO-1.3B-wiki,12.754158964879853,29.890643985419196,1.4350453172205437,24.496644295302016,38.75661375661375,10.987367021276597,1729763430.727116
KingNish_Qwen2.5-0.5b-Test-ft,19.963031423290204,32.112480472140255,1.1329305135951662,26.34228187919463,34.12698412698413,16.888297872340424,1727612277.9257164
KingNish_Reasoning-Llama-3b-v0.1,56.74676524953789,43.32581149106058,10.876132930513595,25.922818791946305,31.613756613756617,30.294215425531917,1729913191.3905885
KingNish_qwen-1b-continued,7.948243992606285,29.543482034369035,0.906344410876133,26.76174496644295,38.492063492063494,12.608045212765958,1741338160.547824
KingNish_qwen-1b-continued-v2.1,6.469500924214418,30.06422496094428,0.906344410876133,26.76174496644295,41.4021164021164,12.782579787234042,1741426660.7477882
KingNish_qwen-1b-continued-v2.2,9.426987060998151,30.133657351154312,1.5105740181268883,25.671140939597315,35.05291005291005,12.62466755319149,1741494582.5270712
Kquant03_CognitiveFusion2-4x7B-BF16,30.683918669131238,40.87831973615692,5.740181268882175,28.60738255033557,41.4021164021164,27.925531914893615,1723457685.4975708
Kquant03_L3-Pneuma-8B,17.744916820702404,49.401145634438464,5.0604229607250755,30.70469798657718,41.66666666666667,31.840093085106385,1729102985.7768245
Krystalan_DRT-o1-14B,33.271719038817004,63.565353237285194,48.26283987915408,35.23489932885906,47.883597883597886,51.78690159574468,1735270172.2423606
Krystalan_DRT-o1-7B,32.16266173752311,54.55650060753341,44.78851963746224,32.13087248322148,50.79365079365079,41.51429521276596,1738741063.8627717
Kukedlc_NeuralExperiment-7b-MagicCoder-v7.5,39.37153419593346,39.697969102586356,6.646525679758309,29.61409395973154,42.72486772486773,28.241356382978722,1723463103.5831304
Kukedlc_NeuralLLaMa-3-8b-DT-v0.1,36.22920517560074,49.71359139038361,7.250755287009064,30.285234899328863,40.60846560846561,37.9155585106383,1726668659.283453
Kukedlc_NeuralLLaMa-3-8b-ORPO-v0.3,46.76524953789279,45.35670890470405,4.833836858006042,23.909395973154364,36.904761904761905,30.56848404255319,1722318316.8274014
Kukedlc_NeuralSynthesis-7B-v0.1,35.48983364140481,51.20638777989932,6.3444108761329305,28.104026845637588,43.25396825396825,30.4936835106383,1722316756.5765653
Kukedlc_NeuralSynthesis-7B-v0.3,34.56561922365989,51.136955389689284,7.779456193353475,28.02013422818792,43.386243386243386,30.501994680851062,1723463127.2848527
Kukedlc_NeuralSynthesis-7b-v0.4-slerp,32.90203327171904,51.20638777989932,6.268882175226587,27.768456375838923,43.25396825396825,30.42719414893617,1723463059.6533182
Kukedlc_Qwen-2.5-7b-Spanish-o1-CoT,34.56561922365989,55.91043221662906,24.622356495468278,32.04697986577181,47.75132275132275,43.63364361702128,1733277962.1200922
Kumar955_Hemanth-llm,44.54713493530499,51.952785974657175,7.02416918429003,28.27181208053691,44.84126984126984,31.125332446808514,1727180481.110927
LEESM_llama-2-7b-hf-lora-oki100p,18.484288354898336,34.71619510501649,1.2084592145015105,26.929530201342285,36.77248677248677,18.558843085106382,1731209239.1231182
LEESM_llama-2-7b-hf-lora-oki10p,16.266173752310536,35.09807325117168,1.283987915407855,25.419463087248324,34.65608465608466,16.788563829787233,1731209120.3053043
LEESM_llama-3-8b-bnb-4b-kowiki231101,11.275415896487985,41.17340739454956,1.3595166163141994,27.097315436241608,35.44973544973545,24.251994680851062,1731226176.2060528
LEESM_llama-3-Korean-Bllossom-8B-trexlab-oki10p,15.526802218114602,43.13487241798299,4.682779456193353,27.516778523489933,38.62433862433862,31.765292553191486,1731219928.3639584
LGAI-EXAONE_EXAONE-3.0-7.8B-Instruct,67.8373382624769,41.43377885783718,30.438066465256796,26.593959731543627,36.507936507936506,35.77127659574468,1724024972.0860612
LGAI-EXAONE_EXAONE-3.5-2.4B-Instruct,76.15526802218115,40.722096858184344,36.78247734138973,26.593959731543627,36.507936507936506,32.804188829787236,1733928078.1607232
LGAI-EXAONE_EXAONE-3.5-32B-Instruct,81.1460258780037,57.35115431348724,51.283987915407856,28.7751677852349,37.96296296296296,46.36801861702128,1736761220.2587807
LGAI-EXAONE_EXAONE-3.5-7.8B-Instruct,78.18853974121997,47.300815830584966,47.507552870090635,25.75503355704698,37.698412698412696,41.331449468085104,1733928595.9844453
LLM360_K2,16.266173752310536,49.59208470751605,2.719033232628399,27.684563758389263,39.682539682539684,30.044880319148938,1721950088.1827867
LLM360_K2-Chat,45.84103512014787,53.37614997396285,10.347432024169184,30.620805369127517,45.63492063492063,33.71010638297872,1718989625.6501064
LLM4Binary_llm4decompile-1.3b-v2,16.820702402957487,32.424926228085404,1.283987915407855,23.573825503355707,40.60846560846561,12.092752659574469,1731929254.9826548
Lambent_qwen2.5-reinstruct-alternate-lumen-14B,40.48059149722736,64.38118382225309,19.788519637462233,37.667785234899334,47.61904761904761,53.881316489361694,1727517872.0933785
Langboat_Mengzi3-8B-Chat,45.84103512014787,46.571775733379624,9.06344410876133,27.432885906040266,40.74074074074074,31.416223404255316,1729532315.9671474
LenguajeNaturalAI_leniachat-gemma-2b-v0,15.89648798521257,30.428745009546954,0.3021148036253776,26.593959731543627,36.507936507936506,11.702127659574469,1725351367.9672062
LenguajeNaturalAI_leniachat-qwen2-1.5B-v0,15.526802218114602,36.66030203089741,1.0574018126888218,26.174496644295303,37.43386243386244,18.799867021276594,1727691760.0241914
LeroyDyer_CheckPoint_A,38.817005545286506,47.266099635479954,5.8912386706948645,28.355704697986578,42.195767195767196,28.798204787234045,1738732423.164502
LeroyDyer_CheckPoint_B,38.07763401109057,47.578545391425095,7.175226586102719,29.026845637583893,38.88888888888889,29.072473404255316,1738777824.6882646
LeroyDyer_CheckPoint_C,28.650646950092423,45.56500607533414,5.5135951661631415,27.097315436241608,43.386243386243386,30.211103723404253,1738777621.321683
LeroyDyer_LCARS_AI_001,25.13863216266174,42.35375802812012,2.3413897280966767,26.34228187919463,43.783068783068785,26.70378989361702,1723483584.1069076
LeroyDyer_LCARS_AI_1x4_003_SuperAI,34.380776340110906,48.93247700052074,5.740181268882175,28.27181208053691,44.97354497354497,29.720744680851062,1723483135.563858
LeroyDyer_LCARS_AI_StarTrek_Computer,29.20517560073937,44.15900017358098,4.078549848942599,26.76174496644295,39.41798941798942,24.5844414893617,1723481935.8096213
LeroyDyer_LCARS_TOP_SCORE,37.89279112754159,51.050164901926756,6.722054380664652,28.60738255033557,42.857142857142854,30.310837765957448,1723481915.293281
LeroyDyer_Mixtral_AI_SwahiliTron_7b,10.536044362292053,30.15101544870682,1.3595166163141994,26.51006711409396,34.12698412698413,12.076130319148938,1723537372.2778146
LeroyDyer_SpydazWebAI_Human_AGI,27.35674676524954,33.37962159347336,1.4350453172205437,28.27181208053691,39.55026455026455,14.785571808510639,1729119614.2513907
LeroyDyer_SpydazWebAI_Human_AGI_001,24.953789279112755,34.1086616906787,1.9637462235649545,29.86577181208054,39.81481481481482,14.261968085106384,1732058428.2379022
LeroyDyer_SpydazWeb_AI_CyberTron_Ultra_7b,11.090573012939002,47.85627495226523,1.3595166163141994,29.278523489932883,41.269841269841265,28.65691489361702,1723537360.620264
LeroyDyer_SpydazWeb_AI_HumanAGI_001_M2,33.826247689463955,48.68946363478563,3.8519637462235647,28.942953020134226,44.97354497354497,30.0531914893617,1736932349.8918388
LeroyDyer_SpydazWeb_AI_HumanAGI_002,34.750462107208875,50.21697621940635,6.646525679758309,28.691275167785236,48.544973544973544,30.585106382978722,1736932167.9320433
LeroyDyer_SpydazWeb_AI_HumanAI_001,15.89648798521257,33.2581149106058,1.6616314199395772,28.859060402684566,38.492063492063494,12.70777925531915,1729157450.4160995
LeroyDyer_SpydazWeb_AI_HumanAI_006,9.057301293900185,32.66793959382051,1.0574018126888218,28.02013422818792,35.58201058201058,11.353058510638297,1732057859.6750774
LeroyDyer_SpydazWeb_AI_HumanAI_007,26.98706099815157,33.95243881270613,2.2658610271903323,28.859060402684566,40.87301587301587,13.522273936170212,1732057859.694605
LeroyDyer_SpydazWeb_AI_HumanAI_009_CHAT,24.214417744916823,32.89359486200312,1.6616314199395772,28.104026845637588,41.269841269841265,14.32845744680851,1732615534.1888034
LeroyDyer_SpydazWeb_AI_HumanAI_010_CHAT,18.484288354898336,33.153966325290746,1.812688821752266,25.922818791946305,41.269841269841265,14.303523936170212,1732615713.2833142
LeroyDyer_SpydazWeb_AI_HumanAI_011_INSTRUCT,25.32347504621072,35.13278944627668,1.4350453172205437,27.936241610738254,38.22751322751323,15.949135638297873,1732620764.5829518
LeroyDyer_SpydazWeb_AI_HumanAI_011_INSTRUCT_ML,30.683918669131238,39.697969102586356,2.56797583081571,29.278523489932883,42.32804232804233,20.18783244680851,1732689506.2868338
LeroyDyer_SpydazWeb_AI_HumanAI_011_INSTRUCT_ML_r1,33.271719038817004,48.359659781287974,5.5135951661631415,29.278523489932883,39.15343915343915,29.562832446808514,1732690180.6410334
LeroyDyer_SpydazWeb_AI_HumanAI_012_INSTRUCT_IA,24.399260628465804,45.39142509980906,4.45619335347432,29.949664429530205,42.46031746031746,23.179853723404257,1733284169.0175128
LeroyDyer_SpydazWeb_AI_HumanAI_012_INSTRUCT_MX,24.029574861367838,31.24457559451484,1.5105740181268883,29.110738255033556,34.39153439153439,11.070478723404255,1733284169.743103
LeroyDyer_SpydazWeb_AI_HumanAI_012_INSTRUCT_XA,30.868761552680223,44.471445929526126,4.003021148036254,31.29194630872483,41.4021164021164,23.88630319148936,1733284169.182916
LeroyDyer_SpydazWeb_AI_HumanAI_RP,19.408502772643253,33.119250130185726,1.283987915407855,27.516778523489933,38.75661375661375,13.23969414893617,1732058357.7065983
LeroyDyer_SpydazWeb_AI_HumanAI_TextVision,23.844731977818853,33.188682520395766,1.4350453172205437,29.194630872483224,39.285714285714285,13.871343085106384,1732058360.8540456
LeroyDyer_SpydazWeb_HumanAI_M1,28.835489833641404,35.41051900711682,2.492447129909366,26.76174496644295,36.64021164021164,16.63065159574468,1729118739.3876774
LeroyDyer_SpydazWeb_HumanAI_M2,31.23844731977819,39.12515188335359,2.8700906344410875,27.936241610738254,37.43386243386244,20.10472074468085,1729118889.0090299
LeroyDyer_SpydazWeb_HumanAI_M3,10.35120147874307,30.914771741017184,0.906344410876133,27.097315436241608,39.021164021164026,11.486037234042554,1729118569.4909115
LeroyDyer__Spydaz_Web_AI_12,20.88724584103512,31.279291789619855,1.3595166163141994,26.845637583892618,35.714285714285715,11.36968085106383,1726801695.9671915
LeroyDyer__Spydaz_Web_AI_14,12.014787430683919,29.682346814789103,1.2084592145015105,26.593959731543627,33.86243386243386,11.394614361702128,1727090234.3981752
LeroyDyer__Spydaz_Web_AI_BIBLE_002,16.081330868761555,32.58114910605798,1.7371601208459215,28.439597315436245,33.99470899470899,13.680186170212766,1726305521.4227185
LeroyDyer__Spydaz_Web_AI_ChatML_002,17.190388170055453,30.75854886304461,1.1329305135951662,25.75503355704698,36.11111111111111,10.945811170212766,1725353407.0765202
LeroyDyer__Spydaz_Web_AI_ChatQA,10.905730129390019,31.990973789272697,0.9818731117824773,26.593959731543627,34.39153439153439,14.752327127659576,1723483321.4936173
LeroyDyer__Spydaz_Web_AI_ChatQA_003,15.526802218114602,31.34872417982989,1.0574018126888218,27.097315436241608,38.095238095238095,11.328125,1726305882.3632538
LightningRodLabs_Flashlight-v1.0,62.84658040665434,68.52976913730255,49.69788519637463,34.22818791946309,40.87301587301587,54.02260638297872,1737181756.2387893
LightningRodLabs_Flashlight-v1.1,62.47689463955638,68.8074986981427,53.24773413897282,33.9765100671141,40.34391534391534,54.15558510638297,1737756342.5200713
LightningRodLabs_Flashlight-v1.2,36.59889094269871,32.25134525256032,15.55891238670695,23.573825503355707,45.370370370370374,24.850398936170212,1738411474.4090152
Lil-R_2_PRYMMAL-ECE-2B-SLERP-V1,52.68022181146026,42.77035236938032,9.138972809667674,30.620805369127517,43.65079365079365,26.778590425531917,1730990046.0510612
Lil-R_2_PRYMMAL-ECE-2B-SLERP-V2,48.98336414048059,43.5861829543482,9.441087613293051,29.78187919463087,44.70899470899471,27.44348404255319,1730917923.099984
Lil-R_2_PRYMMAL-ECE-7B-SLERP,50.27726432532348,,36.329305135951664,,,45.071476063829785,1730891160.7337694
Lil-R_2_PRYMMAL-ECE-7B-SLERP-V1,6.839186691312385,30.237805936469364,0.0755287009063444,25.083892617449667,39.021164021164026,11.236702127659575,1730182338.9859247
Lil-R_2_PRYMMAL-ECE-7B-SLERP-V2,6.839186691312385,30.237805936469364,0.0755287009063444,25.083892617449667,39.021164021164026,11.236702127659575,1730182999.6249251
Lil-R_2_PRYMMAL-ECE-7B-SLERP-V3,16.635859519408502,35.42787710466933,0.6042296072507553,25.671140939597315,41.00529100529101,18.168218085106382,1730217798.8930516
Lil-R_PRYMMAL-ECE-1B-SLERP-V1,21.996303142329023,41.485853150494705,10.347432024169184,27.600671140939596,39.682539682539684,29.25531914893617,1730212345.734505
Lil-R_PRYMMAL-ECE-7B-SLERP-V8,8.502772643253234,29.352542961291444,0.9818731117824773,25.0,36.24338624338625,11.278257978723403,1730184158.8288732
LilRg_10PRYMMAL-3B-slerp,15.89648798521257,52.99427182780767,14.954682779456194,32.13087248322148,45.23809523809524,38.81316489361702,1727180601.0241473
LilRg_ECE-1B-merge-PRYMMAL,19.593345656192238,41.9024474917549,10.120845921450151,28.104026845637588,37.96296296296296,29.064162234042552,1728308251.097347
LilRg_ECE_Finetunning,3.512014787430684,47.09251865995487,4.531722054380665,28.27181208053691,38.35978835978836,31.914893617021278,1727562429.0948284
LilRg_PRYMMAL-6B-slerp,8.317929759704251,28.501996181218537,0.0,24.580536912751676,36.904761904761905,11.07878989361702,1727195382.2228165
LilRg_PRYMMAL-ECE-7B-SLERP-V3,8.317929759704251,29.38725915639646,0.9818731117824773,25.671140939597315,36.64021164021164,11.269946808510637,1729948909.523107
LilRg_PRYMMAL-ECE-7B-SLERP-V4,8.317929759704251,29.38725915639646,0.9818731117824773,25.671140939597315,36.64021164021164,11.269946808510637,1729999232.2207983
LilRg_PRYMMAL-ECE-7B-SLERP-V5,8.317929759704251,29.38725915639646,0.9818731117824773,25.671140939597315,36.64021164021164,11.269946808510637,1730002624.3750362
LilRg_PRYMMAL-ECE-7B-SLERP-V6,8.317929759704251,29.38725915639646,0.9818731117824773,25.671140939597315,36.64021164021164,11.269946808510637,1729965339.0637925
LilRg_PRYMMAL-ECE-7B-SLERP-V7,8.317929759704251,29.38725915639646,0.9818731117824773,25.671140939597315,36.64021164021164,11.269946808510637,1729956432.9798362
LilRg_PRYMMAL-slerp-Merge,25.508317929759706,53.480298559277905,16.1631419939577,32.04697986577181,46.2962962962963,38.630319148936174,1727482419.223805
LimYeri_CodeMind-Llama3-8B-unsloth_v2-merged,65.06469500924214,48.359659781287974,6.646525679758309,26.51006711409396,33.06878306878307,35.05651595744681,1725346296.588916
LimYeri_CodeMind-Llama3-8B-unsloth_v3-merged,62.47689463955638,48.93247700052074,6.797583081570997,25.838926174496645,33.46560846560847,34.95678191489361,1725351170.643902
LimYeri_CodeMind-Llama3-8B-unsloth_v4-one-DPO-merged,59.70425138632163,48.272869293525424,6.495468277945619,26.845637583892618,35.978835978835974,33.53557180851064,1725351170.6431623
LimYeri_CodeMind-Llama3-8B-unsloth_v4-one-merged,24.76894639556377,47.12723485505988,5.5135951661631415,30.956375838926174,40.60846560846561,33.527260638297875,1725346882.290195
LimYeri_CodeMind-Llama3.1-8B-unsloth-merged,60.258780036968574,46.86686339177226,10.876132930513595,26.426174496644293,37.43386243386244,33.40259308510639,1725351170.7748275
Locutusque_CollectiveLM-Falcon-3-7B,33.64140480591497,50.7203610484291,21.827794561933533,32.5503355704698,38.75661375661375,35.9873670212766,1736349727.4145534
Locutusque_Hercules-6.0-Llama-3.1-8B,61.737523105360445,47.977781635132786,13.36858006042296,26.426174496644293,36.11111111111111,36.14527925531915,1727343404.9484286
Locutusque_Hercules-6.1-Llama-3.1-8B,55.26802218114602,46.32876236764451,17.598187311178247,26.090604026845636,35.44973544973545,36.68550531914894,1727834518.1800213
Locutusque_Llama-3-NeuralHercules-5.0-8B,39.186691312384475,38.88213851761847,3.625377643504532,26.845637583892618,38.75661375661375,29.330119680851062,1723510364.5009487
Locutusque_Llama-3-Yggdrasil-2.0-8B,48.059149722735675,47.318173928137476,6.873111782477341,26.25838926174497,39.682539682539684,31.6655585106383,1723510353.5564814
Locutusque_TinyMistral-248M-v2.5,8.502772643253234,30.08158305849679,0.0,25.083892617449667,37.698412698412696,11.353058510638297,1726460064.0727568
Luni_StarDust-12b-v1,49.35304990757856,53.34143377885784,7.628398791540786,27.600671140939596,43.12169312169312,34.11735372340425,1725428599.138504
Luni_StarDust-12b-v2,50.46210720887245,53.844818607880576,6.873111782477341,29.36241610738255,43.25396825396825,34.391622340425535,1725527912.1424232
Lunzima_NQLSG-Qwen2.5-14B-MegaFusion-v3,65.24953789279112,64.67627148064572,41.616314199395774,38.171140939597315,48.01587301587302,53.93949468085106,1740435163.6958404
Lunzima_NQLSG-Qwen2.5-14B-MegaFusion-v5,71.1645101663586,64.46797431001562,43.58006042296073,36.241610738255034,44.576719576719576,51.404587765957444,1740437787.238369
Lunzima_NQLSG-Qwen2.5-14B-MegaFusion-v6,65.80406654343808,64.46797431001562,39.577039274924466,37.75167785234899,47.61904761904761,53.922872340425535,1740548843.825644
Lunzima_NQLSG-Qwen2.5-14B-MegaFusion-v7-rebase,64.51016635859519,64.03402187120292,34.06344410876133,37.5,48.80952380952381,52.76761968085106,1740774208.0262797
Lunzima_NQLSG-Qwen2.5-14B-MegaFusion-v8,69.50092421441775,64.50269050512064,41.69184290030212,38.6744966442953,49.60317460317461,53.64860372340425,1740750342.4023252
Lunzima_NQLSG-Qwen2.5-14B-MegaFusion-v8.5,52.865064695009245,64.29439333449054,36.5558912386707,38.00335570469799,47.61904761904761,52.90059840425532,1740780384.9698079
Lunzima_NQLSG-Qwen2.5-14B-MegaFusion-v8.6,52.68022181146026,64.39854191980558,40.70996978851964,38.422818791946305,49.47089947089947,53.99767287234043,1740792377.7777948
Lunzima_NQLSG-Qwen2.5-14B-MegaFusion-v8.7,68.20702402957485,64.84985245617081,42.37160120845921,38.00335570469799,48.94179894179894,53.981050531914896,1740814250.1092412
Lunzima_NQLSG-Qwen2.5-14B-MegaFusion-v8.9,68.57670979667283,64.72834577330325,41.46525679758308,37.919463087248324,49.074074074074076,53.8563829787234,1741254427.1809902
Lunzima_NQLSG-Qwen2.5-14B-MegaFusion-v9-stock,59.88909426987061,65.54417635827113,41.842900302114806,38.422818791946305,48.148148148148145,54.12234042553191,1741327625.8457797
Lyte_Llama-3.1-8B-Instruct-Reasoner-1o1_v0.3,66.54343807763401,49.401145634438464,19.033232628398792,27.01342281879195,34.523809523809526,36.178523936170215,1726632823.299479
Lyte_Llama-3.2-1B-Instruct-COT-RL-Expriement1-EP04,51.20147874306839,34.88977608054157,6.646525679758309,26.006711409395972,32.27513227513227,18.425864361702125,1727319389.8230395
Lyte_Llama-3.2-3B-Overthinker,59.33456561922365,43.20430480819302,2.643504531722054,25.922818791946305,34.12698412698413,29.853723404255316,1729262801.3202689
M4-ai_TinyMistral-248M-v3,10.35120147874307,28.48463808366603,0.0,24.07718120805369,37.83068783068783,11.319813829787234,1729240915.4465585
MEscriva_ECE-PRYMMAL-0.5B-FT-V5-MUSR-Mathis,6.654343807763401,30.324596424231903,1.0574018126888216,25.16778523489933,40.07936507936508,11.544215425531915,1732061965.8617768
MLP-KTLim_llama-3-Korean-Bllossom-8B,43.622920517560075,48.8456865127582,10.196374622356496,26.25838926174497,36.64021164021164,35.9375,1723525490.9083622
MTSAIR_Cotype-Nano,31.79297597042514,38.36139559104323,9.743202416918429,27.01342281879195,32.804232804232804,24.767287234042552,1733112434.5138414
MTSAIR_MultiVerse_70B,46.950092421441774,61.29144245790661,19.259818731117825,35.40268456375839,47.354497354497354,48.60372340425532,1721251148.9460905
Magpie-Align_Llama-3-8B-Magpie-Align-SFT-v0.1,37.707948243992604,45.8948099288318,4.984894259818732,26.25838926174497,32.67195767195767,28.631981382978722,1726637742.9961462
Magpie-Align_Llama-3-8B-Magpie-Align-SFT-v0.3,44.91682070240296,45.53028988022913,6.268882175226587,26.593959731543627,34.12698412698413,29.022606382978722,1723509922.9135122
Magpie-Align_Llama-3-8B-Magpie-Align-v0.1,34.380776340110906,47.71741017184517,4.607250755287009,27.684563758389263,30.82010582010582,30.011635638297875,1721715294.1409135
Magpie-Align_Llama-3-8B-Magpie-Align-v0.3,38.262476894639555,45.53028988022913,5.664652567975831,26.51006711409396,33.99470899470899,31.341422872340424,1723507283.9766467
Magpie-Align_Llama-3.1-8B-Magpie-Align-SFT-v0.1,42.883548983364136,47.42232251345253,8.987915407854985,26.090604026845636,33.86243386243386,29.429853723404253,1726637644.358382
Magpie-Align_Llama-3.1-8B-Magpie-Align-v0.1,38.07763401109057,45.92952612393682,0.0,26.34228187919463,31.349206349206348,32.62134308510639,1726640013.2809806
Magpie-Align_MagpieLM-8B-Chat-v0.1,30.129390018484287,41.4684950529422,6.117824773413897,26.174496644295303,34.92063492063492,31.94813829787234,1726731651.5080717
Magpie-Align_MagpieLM-8B-SFT-v0.1,41.77449168207024,45.30463461204652,7.552870090634441,26.76174496644295,36.37566137566138,29.895279255319153,1726731651.6124496
ManoloPueblo_ContentCuisine_1-7B-slerp,31.97781885397412,51.50147543829197,7.326283987915408,30.285234899328863,46.69312169312169,30.535239361702125,1731440979.46894
ManoloPueblo_LLM_MERGE_CC2,31.97781885397412,51.72713070647457,6.419939577039275,30.453020134228186,45.8994708994709,30.319148936170215,1731430605.2872794
ManoloPueblo_LLM_MERGE_CC3,32.53234750462107,52.2131574379448,7.930513595166164,30.956375838926174,46.69312169312169,31.55751329787234,1731430902.7565382
MarinaraSpaghetti_NemoReRemix-12B,26.80221811460259,55.11195972921368,9.06344410876133,31.79530201342282,44.97354497354497,35.979055851063826,1726668517.019413
MarinaraSpaghetti_Nemomix-v4.0-12B,50.46210720887245,52.40409651102239,10.80060422960725,29.194630872483224,42.32804232804233,36.12865691489361,1723525987.2481315
Marsouuu_MiniMathExpert-2_61B-ECE-PRYMMAL-Martial,18.11460258780037,39.1598680784586,7.401812688821751,27.516778523489933,40.74074074074074,22.73936170212766,1728255414.111613
Marsouuu_MiniQwenMathExpert-ECE-PRYMMAL-Martial,20.88724584103512,41.885089394202396,11.404833836858005,28.187919463087248,38.62433862433862,29.222074468085108,1728295894.857806
Marsouuu_MistralBase-4x7B-MoE-ECE-PRYMMAL-Martial,11.645101663585953,34.42110744662385,0.3021148036253776,25.922818791946305,39.81481481481482,13.788231382978724,1728002982.4878252
Marsouuu_general3B-ECE-PRYMMAL-Martial,22.55083179297597,53.77538621767054,15.483383685800604,31.963087248322147,46.95767195767196,38.763297872340424,1729703679.7399743
Marsouuu_general3Bv2-ECE-PRYMMAL-Martial,51.386321626617374,56.08401319215414,36.70694864048338,31.04026845637584,43.91534391534391,44.98005319148936,1730919702.387229
Marsouuu_lareneg1_78B-ECE-PRYMMAL-Martial,20.88724584103512,41.885089394202396,11.404833836858005,28.187919463087248,38.62433862433862,29.222074468085108,1729704981.0266867
Marsouuu_lareneg3B-ECE-PRYMMAL-Martial,26.617375231053604,54.38291963200833,15.181268882175228,32.466442953020135,47.22222222222222,37.66622340425532,1730918734.412688
Marsouuu_lareneg3Bv2-ECE-PRYMMAL-Martial,51.75600739371534,55.979864606839094,36.5558912386707,31.963087248322147,43.65079365079365,45.11303191489361,1730919545.1559465
MaziyarPanahi_Calme-4x7B-MoE-v0.1,36.78373382624769,50.78979343863913,8.006042296072508,28.187919463087248,41.93121693121693,30.56848404255319,1723520237.0178134
MaziyarPanahi_Calme-4x7B-MoE-v0.2,36.96857670979667,50.876583926401665,7.401812688821751,27.936241610738254,43.12169312169312,30.576795212765955,1723520710.1565251
MaziyarPanahi_Llama-3-70B-Instruct-v0.1,39.37153419593346,53.20256899843777,14.954682779456194,28.439597315436245,44.17989417989418,46.17686170212766,1728111274.6576543
MaziyarPanahi_Llama-3-8B-Instruct-v0.10,73.01293900184844,49.00190939073077,4.909365558912387,30.87248322147651,42.06349206349206,38.6220079787234,1721297518.7415056
MaziyarPanahi_Llama-3-8B-Instruct-v0.8,71.34935304990758,49.453219927095994,7.099697885196375,30.536912751677853,41.93121693121693,38.51396276595745,1720061412.049709
MaziyarPanahi_Llama-3-8B-Instruct-v0.9,72.2735674676525,49.17549036625586,7.326283987915408,30.788590604026844,41.4021164021164,38.45578457446808,1723461404.8470266
MaziyarPanahi_Qwen1.5-MoE-A2.7B-Wikihow,23.475046210720887,38.916854712723485,8.23262839879154,27.516778523489933,34.92063492063492,23.8031914893617,1726664415.7051272
MaziyarPanahi_Qwen2-7B-Instruct-v0.1,27.35674676524954,50.84186773129665,20.39274924471299,28.523489932885905,44.31216931216932,38.57214095744681,1722275036.651351
MaziyarPanahi_Qwen2-7B-Instruct-v0.8,21.441774491682068,46.12046519701441,17.673716012084594,29.36241610738255,42.857142857142854,35.66323138297872,1721867854.2137258
MaziyarPanahi_calme-2.1-llama3.1-70b,81.51571164510166,64.31175143204305,41.012084592145015,32.802013422818796,43.65079365079365,52.82579787234043,1728981265.7281375
MaziyarPanahi_calme-2.1-phi3-4b,49.35304990757856,55.650060753341435,4.305135951661631,32.969798657718115,40.07936507936508,37.458444148936174,1721299147.5863981
MaziyarPanahi_calme-2.1-phi3.5-4b,50.83179297597042,54.67800729040098,14.425981873111782,34.395973154362416,39.81481481481482,39.35339095744681,1725354107.5728765
MaziyarPanahi_calme-2.1-qwen2-72b,78.00369685767097,69.55389689290054,36.027190332326285,38.08724832214765,47.22222222222222,54.147273936170215,1721251149.5610988
MaziyarPanahi_calme-2.1-qwen2-7b,31.23844731977819,50.06075334143378,23.11178247734139,28.942953020134226,44.31216931216932,36.92652925531915,1726722729.793923
MaziyarPanahi_calme-2.1-qwen2.5-72b,83.91866913123845,72.4526991841694,2.2658610271903323,36.3255033557047,42.857142857142854,56.19182180851063,1728131992.4220936
MaziyarPanahi_calme-2.1-rys-78b,77.81885397412199,70.85575420933866,39.42598187311178,39.42953020134228,46.82539682539682,54.43816489361703,1725136904.9860888
MaziyarPanahi_calme-2.2-llama3-70b,78.55822550831792,63.981947578545395,22.9607250755287,34.144295302013425,44.31216931216932,52.06948138297872,1721178675.690576
MaziyarPanahi_calme-2.2-llama3.1-70b,83.3641404805915,67.80072904009721,43.65558912386707,32.466442953020135,45.23809523809524,54.147273936170215,1727427368.8753135
MaziyarPanahi_calme-2.2-phi3-4b,44.54713493530499,55.05988543655616,2.3413897280966767,32.13087248322148,39.682539682539684,38.13996010638298,1721293667.778537
MaziyarPanahi_calme-2.2-qwen2-72b,76.7097966728281,69.31088352716543,45.31722054380665,37.41610738255034,44.97354497354497,54.3467420212766,1722519815.1503816
MaziyarPanahi_calme-2.2-qwen2-7b,29.02033271719039,51.83127929178962,21.45015105740181,29.110738255033556,43.51851851851852,38.987699468085104,1726722728.429807
MaziyarPanahi_calme-2.2-qwen2.5-72b,81.88539741219964,72.60892206214199,58.91238670694864,35.90604026845637,41.93121693121693,56.175199468085104,1727545589.2890775
MaziyarPanahi_calme-2.2-rys-78b,76.15526802218115,70.71688942891859,40.70996978851964,40.68791946308725,45.23809523809524,53.8563829787234,1725136094.2510076
MaziyarPanahi_calme-2.3-llama3-70b,76.15526802218115,63.66950182260024,23.26283987915408,33.808724832214764,42.46031746031746,52.04454787234043,1728155821.9478548
MaziyarPanahi_calme-2.3-llama3.1-70b,83.3641404805915,68.6165596250651,39.274924471299094,34.395973154362416,45.5026455026455,53.63198138297872,1727443963.8380165
MaziyarPanahi_calme-2.3-phi3-4b,43.253234750462106,55.07724353410867,14.72809667673716,31.79530201342282,39.81481481481482,38.28125,1719525811.6940305
MaziyarPanahi_calme-2.3-qwen2-72b,31.79297597042514,65.6830411386912,14.72809667673716,37.164429530201346,41.00529100529101,54.18882978723404,1727446832.898658
MaziyarPanahi_calme-2.3-qwen2-7b,31.053604436229204,50.37319909737893,20.694864048338367,29.697986577181208,44.17989417989418,36.11203457446808,1726722729.2535393
MaziyarPanahi_calme-2.3-rys-78b,77.26432532347505,70.97726089220622,39.803625377643506,40.43624161073826,45.370370370370374,54.753989361702125,1727372280.052343
MaziyarPanahi_calme-2.4-llama3-70b,42.513863216266174,63.89515709078285,22.658610271903324,33.9765100671141,42.72486772486773,52.03623670212766,1721251148.945369
MaziyarPanahi_calme-2.4-qwen2-7b,26.062846580406656,50.68564485332408,20.31722054380665,28.355704697986578,44.44444444444444,39.768949468085104,1726723339.5663264
MaziyarPanahi_calme-2.4-rys-78b,76.52495378927911,72.59156396458948,40.70996978851964,40.26845637583892,57.53968253968254,70.0216090425532,1725925619.095975
MaziyarPanahi_calme-2.5-qwen2-7b,24.76894639556377,48.65474743968061,22.58308157099698,31.04026845637584,45.63492063492063,36.81848404255319,1727636322.6440637
MaziyarPanahi_calme-2.6-qwen2-7b,27.726432532347506,48.93247700052074,12.16012084592145,28.43959731543625,45.767195767195766,37.31715425531915,1727648250.6187274
MaziyarPanahi_calme-2.7-qwen2-7b,29.75970425138632,48.51588265926055,12.084592145015106,29.110738255033556,48.148148148148145,37.05119680851064,1726723339.564585
MaziyarPanahi_calme-3.1-baguette-3b,57.301293900184845,46.537059538274605,25.604229607250755,28.60738255033557,39.94708994708995,33.992686170212764,1731220408.337429
MaziyarPanahi_calme-3.1-instruct-3b,36.59889094269871,47.82155875716022,17.749244712990937,28.60738255033557,39.41798941798942,35.5718085106383,1731218002.506789
MaziyarPanahi_calme-3.1-instruct-78b,77.81885397412199,72.8345773303246,39.274924471299094,39.59731543624161,58.730158730158735,71.8500664893617,1732702664.3833957
MaziyarPanahi_calme-3.1-llamaloi-3b,69.68576709796673,45.66915466064919,16.76737160120846,28.104026845637588,35.05291005291005,32.047872340425535,1731221849.8810835
MaziyarPanahi_calme-3.2-baguette-3b,58.78003696857671,46.81478909911474,28.247734138972806,29.446308724832214,40.07936507936508,33.37765957446808,1731226598.256154
MaziyarPanahi_calme-3.2-instruct-3b,50.83179297597042,48.307585488630444,21.676737160120847,28.355704697986578,40.34391534391534,36.52759308510639,1731210233.544114
MaziyarPanahi_calme-3.2-instruct-78b,77.07948243992607,72.97344211074466,40.33232628398791,40.26845637583892,60.05291005291006,73.03025265957447,1733171174.171712
MaziyarPanahi_calme-3.3-baguette-3b,58.9648798521257,46.39819475785454,38.066465256797585,28.02013422818792,39.15343915343915,33.41921542553192,1731226600.3338277
MaziyarPanahi_calme-3.3-instruct-3b,59.51940850277264,46.58913383093213,37.38670694864049,28.27181208053691,40.60846560846561,33.053523936170215,1731219026.2014103
Minami-su_Amara-o1-7B-Qwen,69.50092421441775,51.675056413817046,51.81268882175226,29.36241610738255,39.94708994708995,40.83277925531915,1736327568.2789302
Minami-su_Amara-o2-7B-Qwen,66.91312384473198,51.34525256031939,40.86102719033233,26.34228187919463,37.698412698412696,41.647273936170215,1736401390.4163263
Minami-su_test-7B-00,62.10720887245841,44.26314875889602,45.16616314199396,30.285234899328863,41.13756613756614,35.87932180851064,1735006017.1806383
Minami-su_test-7B-01,62.661737523105366,43.7944801249783,45.54380664652568,30.70469798657718,41.4021164021164,35.35571808510639,1735026885.1410418
Minami-su_test-v2-7B-00,61.92236598890942,43.81183822253082,44.18429003021148,29.194630872483224,41.4021164021164,34.724069148936174,1735155560.2925713
ModelCloud_Llama-3.2-1B-Instruct-gptqmodel-4bit-vortex-v1,46.02587800369686,32.18191286235029,4.380664652567976,25.335570469798657,32.407407407407405,17.644614361702125,1736506203.051741
ModelSpace_GemmaX2-28-9B-v0.1,0.18484288354898337,36.59086964068738,2.719033232628399,27.684563758389263,35.317460317460316,22.30718085106383,1740427840.9010978
NAPS-ai_naps-gemma-2-27b-v0.1.0,0.0,28.762367644506163,0.0,26.006711409395972,35.714285714285715,11.67719414893617,1731292770.3178978
NAPS-ai_naps-llama-3_1-instruct-v0.5.0,43.80776340110906,41.31227217496962,2.56797583081571,26.845637583892618,37.03703703703704,26.138630319148938,1727663299.137303
NCSOFT_Llama-VARCO-8B-Instruct,38.447319778188536,49.99132095122374,9.969788519637463,29.697986577181208,38.35978835978836,31.898271276595747,1734801433.1800725
Naveenpoliasetty_llama3-8B-V2,34.011090573012936,51.72713070647457,7.099697885196375,29.026845637583893,40.74074074074074,37.375332446808514,1721867854.440055
NbAiLab_nb-llama-3.1-8B-Instruct,29.57486136783734,32.23398715500781,1.7371601208459215,27.348993288590606,32.01058201058201,11.96808510638298,1733890713.7211325
Nekochu_Llama-3.1-8B-German-ORPO,40.29574861367837,49.66151709772609,0.0,31.62751677852349,46.42857142857143,33.9345079787234,1727195382.3785305
Nexesenex_Llama_3.1_8b_DeepDive_3_R1_Prev_v1.0,66.35859519408503,51.08488109703176,19.259818731117825,30.033557046979865,37.56613756613756,34.40824468085106,1740668970.1853952
Nexesenex_Llama_3.1_8b_DobHerWild_R1_v1.1R,71.90388170055454,52.40409651102239,23.187311178247736,29.949664429530205,38.492063492063494,36.88497340425532,1740678490.2308664
Nexesenex_Llama_3.1_8b_DoberWild_v2.02,73.75231053604436,52.97691373025516,19.939577039274926,29.446308724832214,39.41798941798942,37.64128989361702,1740736136.3876116
Nexesenex_Llama_3.1_8b_DodoWild_v2.01,76.34011090573013,52.421454608574905,19.86404833836858,30.369127516778523,40.87301587301587,37.38364361702128,1740701606.2799742
Nexesenex_Llama_3.1_8b_DodoWild_v2.02,76.52495378927911,52.49088699878494,22.734138972809667,30.453020134228186,39.682539682539684,37.60804521276596,1740735898.9159439
Nexesenex_Llama_3.1_8b_DodoWild_v2.03,75.97042513863215,52.92483943759764,22.20543806646526,30.788590604026844,39.55026455026455,37.85738031914894,1740740165.101122
Nexesenex_Llama_3.1_8b_Dolermed_R1_V1.01,71.53419593345656,53.063704218017705,20.166163141993955,30.536912751677853,37.43386243386244,37.32546542553192,1740735651.7728393
Nexesenex_Llama_3.1_8b_Dolermed_V1.01,44.17744916820702,51.74448880402708,13.444108761329304,29.446308724832214,39.41798941798942,35.70478723404255,1740704666.640896
Nexesenex_Llama_3.1_8b_Dolerstormed_V1.04,75.04621072088725,51.83127929178962,19.259818731117825,32.21476510067114,40.21164021164021,38.88796542553192,1740806842.534802
Nexesenex_Llama_3.1_8b_Hermedive_R1_V1.01,43.068391866913124,51.536191633396975,17.749244712990937,28.27181208053691,40.07936507936508,34.26695478723404,1740705271.8232439
Nexesenex_Llama_3.1_8b_Mediver_V1.01,12.754158964879853,43.81183822253082,0.1510574018126888,27.768456375838923,38.88888888888889,29.93683510638298,1740693764.046961
Nexesenex_Llama_3.1_8b_Smarteaz_0.2_R1,57.48613678373382,50.9460163166117,26.057401812688823,30.033557046979865,41.7989417989418,36.452792553191486,1740666161.7521305
Nexesenex_Llama_3.1_8b_Smarteaz_V1.01,78.37338262476895,52.28258982815483,23.413897280966765,30.956375838926174,37.83068783068783,37.35871010638298,1740691793.0684304
Nexesenex_Llama_3.2_1b_AquaSyn_0.1,20.88724584103512,32.65058149626801,2.190332326283988,24.832214765100673,34.523809523809526,13.779920212765958,1740424142.6638627
Nexesenex_Llama_3.2_1b_Odyssea_V1,19.038817005545287,29.751779204999135,1.4350453172205437,25.838926174496645,33.86243386243386,11.527593085106384,1740425037.62397
Nexesenex_Llama_3.2_1b_Odyssea_V1.01,18.853974121996302,30.116299253601802,1.7371601208459215,25.587248322147648,34.12698412698413,11.519281914893616,1740638245.588508
Nexesenex_Llama_3.2_1b_SunOrca_V1,47.31977818853974,34.02187120291616,6.722054380664652,27.432885906040266,32.53968253968254,18.841422872340424,1741228033.1162176
Nexesenex_Llama_3.2_1b_Sydonia_0.1,15.157116451016636,30.9494879361222,2.0392749244712993,22.818791946308725,33.730158730158735,12.242353723404255,1740424614.67724
Nexesenex_Llama_3.2_3b_Kermes_v2,52.12569316081331,44.384655441763584,5.438066465256798,26.51006711409396,37.698412698412696,27.34375,1739889913.5299118
NikolaSigmoid_AceMath-1.5B-Instruct-dolphin-r1-200,11.460258780036968,27.703523693803163,0.0,25.587248322147648,37.43386243386244,11.427859042553191,1741227292.014526
NikolaSigmoid_DeepSeek-R1-Distill-Qwen-1.5B-500,11.829944547134936,25.742058670369726,0.0,24.580536912751676,33.730158730158735,11.24501329787234,1741105618.8703058
NikolaSigmoid_phi-4-14b,4.621072088724584,66.79395938205172,29.38066465256798,40.35234899328859,50.39682539682539,52.7842420212766,1740719797.2188888
NotASI_FineTome-Llama3.2-3B-1002,49.53789279112754,43.15223051553549,5.287009063444108,25.083892617449667,36.77248677248677,24.368351063829788,1728111106.9153016
NotASI_FineTome-v1.5-Llama3.2-1B-1007,33.271719038817004,32.12983856969276,1.3595166163141994,25.0,34.65608465608466,14.27027925531915,1728309110.6047177
NotASI_FineTome-v1.5-Llama3.2-3B-1007,49.72273567467653,43.06544002777296,5.13595166163142,26.174496644295303,36.37566137566138,24.48470744680851,1728310068.3905177
NousResearch_DeepHermes-3-Mistral-24B-Preview,38.07763401109057,64.97135913903837,25.755287009063444,36.99664429530201,44.97354497354497,45.90259308510639,1741888793.167492
NousResearch_Hermes-2-Pro-Llama-3-8B,48.24399260628466,50.28640860961639,5.740181268882175,29.278523489932883,42.592592592592595,30.518617021276594,1718556896.0890632
NousResearch_Hermes-2-Pro-Mistral-7B,51.01663585951941,49.6788751952786,4.833836858006042,27.348993288590606,43.65079365079365,29.463098404255316,1718557465.316207
NousResearch_Hermes-3-Llama-3.1-70B,73.01293900184844,67.384134698837,13.746223564954683,36.15771812080537,49.338624338624335,47.265625,1724861853.2924793
NousResearch_Nous-Hermes-2-Mistral-7B-DPO,51.940850277264325,48.272869293525424,4.229607250755287,29.278523489932883,39.94708994708995,30.152925531914892,1718615838.7013843
NousResearch_Yarn-Llama-2-13b-128k,13.308687615526802,38.1183822253081,1.1329305135951662,25.838926174496645,34.523809523809526,23.204787234042552,1719285217.8928604
Open-Orca_Mistral-7B-OpenOrca,43.438077634011094,47.665335879187644,2.9456193353474323,27.181208053691275,38.492063492063494,26.529255319148938,1718557890.2300794
OpenBuddy_openbuddy-llama3-70b-v21.2-32k,65.98890942698706,64.97135913903837,18.051359516616312,34.22818791946309,45.63492063492063,48.32114361702128,1728981267.7153137
OpenBuddy_openbuddy-llama3-8b-v21.1-8k,51.20147874306839,47.59590348897761,2.719033232628399,27.097315436241608,39.81481481481482,29.54621010638298,1723462184.487921
OpenBuddy_openbuddy-llama3.1-70b-v22.1-131k,69.31608133086876,66.98489845512931,3.3987915407854987,37.5,46.164021164021165,53.04188829787234,1726290215.604957
OpenBuddy_openbuddy-llama3.1-8b-v22.3-131k,54.71349353049908,50.39055719493144,9.743202416918429,27.936241610738254,40.07936507936508,32.770944148936174,1727833303.6435962
OpenBuddy_openbuddy-yi1.5-34b-v21.3-32k,49.16820702402958,61.34351675056414,12.764350453172204,34.899328859060404,44.31216931216932,45.99401595744681,1725353589.8125854
OpenLeecher_llama3-8b-lima,37.89279112754159,42.63148758896025,2.9456193353474323,23.825503355704697,37.03703703703704,26.263297872340424,1727832053.052541
OpenScholar_Llama-3.1_OpenScholar-8B,55.45286506469501,51.86599548689463,14.274924471299094,28.187919463087248,42.72486772486773,37.0844414893617,1733255585.0279794
Orenguteng_Llama-3.1-8B-Lexi-Uncensored-V2,73.93715341959334,50.7203610484291,16.91842900302115,28.27181208053691,38.35978835978836,37.80751329787234,1725297794.1921206
Orion-zhen_phi-4-abliterated,4.805914972273567,66.81131747960424,28.54984894259819,40.43624161073826,50.0,52.91722074468085,1734704437.5396535
PJMixers-Dev_LLaMa-3.1-Instruct-Interleaved-Zeroed-13B,75.04621072088725,50.61621246311404,19.410876132930515,29.194630872483224,38.62433862433862,37.67453457446808,1734514425.0527017
PJMixers-Dev_LLaMa-3.1-RomboTiesTest-8B,74.4916820702403,50.61621246311404,19.410876132930515,29.194630872483224,38.62433862433862,37.67453457446808,1734663843.8427563
PJMixers-Dev_LLaMa-3.1-RomboTiesTest2-8B,74.4916820702403,50.61621246311404,19.410876132930515,29.194630872483224,38.62433862433862,37.67453457446808,1734759183.1565406
PJMixers-Dev_LLaMa-3.2-Instruct-JankMix-v0.2-SFT-3B,57.48613678373382,45.808019441069256,11.329305135951662,27.265100671140942,36.507936507936506,31.15026595744681,1729067492.7547996
PJMixers-Dev_LLaMa-3.2-Instruct-JankMixBread-v0.1-3B,43.622920517560075,44.714459295261236,10.725075528700906,28.27181208053691,35.05291005291005,30.8344414893617,1728763803.9956224
PJMixers_LLaMa-3-CursedStock-v2.0-8B,57.67097966728281,52.57767748654747,8.610271903323262,27.432885906040266,38.492063492063494,35.563497340425535,1721338572.6277468
Quazim0t0_Lo-Phi-14b,43.068391866913124,68.28675577156743,51.963746223564954,32.802013422818796,42.195767195767196,53.69015957446809,1741534991.047416
Quazim0t0_Phi4.Turn.R1Distill.16bit,24.399260628465804,65.40531157785107,3.474320241691843,29.446308724832214,38.88888888888889,52.56815159574468,1738371054.4476569
Quazim0t0_Phi4Basis-14B-sce,59.70425138632163,68.89428918590522,45.392749244712995,32.88590604026846,43.25396825396825,53.89793882978723,1738655004.3150363
Quazim0t0_graphite-14b-sce,24.76894639556377,66.0996354799514,15.407854984894259,28.942953020134226,39.682539682539684,52.800864361702125,1738768143.940339
Qwen_QwQ-32B-Preview,33.826247689463955,66.63773650407914,22.885196374622357,28.18791946308725,41.00529100529101,56.78191489361703,1732881721.234354
Qwen_Qwen1.5-0.5B,11.090573012939002,31.314007984724874,0.4531722054380665,25.419463087248324,36.11111111111111,13.07347074468085,1718560269.940314
Qwen_Qwen1.5-1.8B,14.78743068391867,34.49053983683388,2.2658610271903323,30.536912751677853,35.978835978835974,18.816489361702125,1718561150.9540093
Qwen_Qwen1.5-110B,27.911275415896487,60.70126714112133,23.036253776435046,35.23489932885906,44.047619047619044,53.60704787234043,1719147418.6279016
Qwen_Qwen1.5-14B-Chat,41.40480591497228,51.84863738934212,0.0,27.01342281879195,43.91534391534391,36.178523936170215,1718560033.9744806
Qwen_Qwen1.5-32B,26.617375231053604,56.865127582017,26.661631419939575,32.969798657718115,42.72486772486773,44.996675531914896,1719240967.4846058
Qwen_Qwen1.5-32B-Chat,50.09242144177449,60.37146328762367,6.646525679758309,30.620805369127517,41.53439153439153,44.572805851063826,1719240571.9989872
Qwen_Qwen1.5-4B-Chat,26.80221811460259,39.732685297691376,0.9818731117824773,26.677852348993287,39.682539682539684,23.961103723404257,1718560541.7993402
Qwen_Qwen1.5-MoE-A2.7B,20.70240295748614,40.791529248394376,0.1510574018126888,25.922818791946305,40.07936507936508,27.77593085106383,1718560459.5555801
Qwen_Qwen2-0.5B-Instruct,16.635859519408502,31.69588613088006,1.6616314199395772,24.664429530201343,33.46560846560847,15.309175531914892,1718620365.6859367
Qwen_Qwen2-1.5B-Instruct,28.09611829944547,38.239888908175665,5.81570996978852,26.174496644295303,42.857142857142854,25.008311170212767,1718616335.773003
Qwen_Qwen2-57B-A14B,25.32347504621072,55.893074119076545,18.65558912386707,30.620805369127517,41.66666666666667,49.16057180851064,1719827186.08688
Qwen_Qwen2-7B,25.32347504621072,52.87276514494012,18.806646525679756,30.453020134228186,44.31216931216932,41.83011968085106,1718560983.69851
Qwen_Qwen2-7B-Instruct,52.31053604436229,55.07724353410867,8.610271903323262,29.78187919463087,39.15343915343915,38.47240691489361,1718560377.1845632
Qwen_Qwen2-Math-72B-Instruct,52.12569316081331,63.20083318868252,35.95166163141994,36.828859060402685,45.10582010582011,42.727726063829785,1726914555.769662
Qwen_Qwen2-VL-72B-Instruct,54.89833641404805,69.15466064919285,23.338368580060422,38.758389261744966,44.84126984126984,57.17253989361703,1729505911.0841835
Qwen_Qwen2-VL-7B-Instruct,40.66543438077634,54.36556153445582,5.664652567975831,31.963087248322147,43.65079365079365,40.949135638297875,1729503916.035886
Qwen_Qwen2.5-1.5B-Instruct,40.110905730129396,42.47526471098767,1.283987915407855,25.587248322147648,36.507936507936506,27.992021276595747,1726761349.422005
Qwen_Qwen2.5-14B-Instruct,78.74306839186691,63.73893421281027,0.0,32.21476510067114,40.87301587301587,49.04421542553192,1726731646.1039824
Qwen_Qwen2.5-32B-Instruct,80.59149722735674,68.73806630793266,0.0,33.808724832214764,42.46031746031746,56.665558510638306,1726737036.3669806
Qwen_Qwen2.5-3B-Instruct,60.0739371534196,46.554417635827114,0.0,27.265100671140942,39.55026455026455,32.546542553191486,1726737030.5061598
Qwen_Qwen2.5-72B,35.85951940850277,67.81808713764971,36.102719033232624,40.52013422818792,47.61904761904761,59.68251329787234,1726758254.8673022
Qwen_Qwen2.5-7B-Instruct,72.08872458410352,53.68859572990801,0.0,30.033557046979865,40.21164021164021,42.893949468085104,1726731644.5121794
Qwen_Qwen2.5-Math-72B-Instruct,32.34750462107209,64.36382572470058,18.50453172205438,33.13758389261745,44.576719576719576,48.121675531914896,1727531480.5363274
Qwen_Qwen2.5-Math-7B,19.223659889094268,44.315223051553545,28.323262839879153,29.36241610738255,37.698412698412696,27.177526595744684,1727478131.2832444
RESMPDEV_Qwen2-Wukong-0.5B,12.384473197781885,30.60232598507204,0.0,23.657718120805367,35.18518518518518,13.272938829787234,1723499622.9754808
RLHFlow_ArmoRM-Llama3-8B-v0.1,12.754158964879853,28.345773303245963,0.0,24.916107382550333,39.41798941798942,10.779587765957446,1728401144.5032544
Replete-AI_Llama3-8B-Instruct-Replete-Adapted,64.32532347504622,48.411734073945496,4.833836858006042,28.104026845637588,36.24338624338625,33.909574468085104,1723510332.0493062
Rombo-Org_Rombo-LLM-V2.5-Qwen-7b,70.97966728280961,53.74067002256553,0.0,30.11744966442953,39.682539682539684,42.82746010638298,1736846378.331462
SaisExperiments_Gemma-2-2B-Stheno-Filtered,35.48983364140481,41.32963027252213,3.7009063444108756,27.01342281879195,39.94708994708995,26.296542553191486,1728384516.713682
SaisExperiments_RightSheep-Llama3.2-3B,34.56561922365989,42.37111612567263,8.23262839879154,28.691275167785236,37.56613756613756,25.398936170212767,1737811117.9811811
Sakalti_Llama3.2-3B-Uranus-1,46.39556377079482,44.26314875889602,14.72809667673716,29.697986577181208,36.64021164021164,30.94248670212766,1736422451.8989072
Sakalti_Phi3.5-Comets-3.8B,14.78743068391867,33.01510154487068,0.0,24.916107382550333,37.56613756613756,11.527593085106384,1734771491.4943445
Sakalti_Qwen2.5-1B-Instruct,11.645101663585953,30.08158305849679,0.0,25.587248322147648,33.5978835978836,12.134308510638297,1737182548.249137
SentientAGI_Dobby-Mini-Leashed-Llama-3.1-8B,75.04621072088725,51.10223919458428,18.202416918429005,30.201342281879196,42.46031746031746,36.94315159574468,1738715066.5211835
SentientAGI_Dobby-Mini-Unhinged-Llama-3.1-8B,70.24029574861368,51.17167158479431,11.253776435045317,30.620805369127517,40.07936507936508,35.846077127659576,1738655537.2870338
Sicarius-Prototyping_Brainy_LLAMA,44.73197781885398,50.9460163166117,13.36858006042296,31.3758389261745,41.4021164021164,38.48902925531915,1733389769.148304
SicariusSicariiStuff_LLAMA-3_8B_Unaligned_BETA,30.499075785582253,46.9536538795348,7.854984894259818,30.536912751677853,41.13756613756614,34.64926861702128,1729268738.8578386
SicariusSicariiStuff_Phi-Line_14B,59.88909426987061,61.29144245790661,38.59516616314199,35.31879194630873,44.70899470899471,54.537898936170215,1739975776.5596597
SicariusSicariiStuff_Qwen2.5-14B_Uncensored,25.693160813308687,62.818955042527335,29.38066465256798,38.171140939597315,45.10582010582011,52.659574468085104,1727103823.0245261
SicariusSicariiStuff_Qwen2.5-14B_Uncensored_Instruct,31.42329020332717,59.225828849158134,27.870090634441087,32.969798657718115,36.904761904761905,51.27160904255319,1727106251.3955524
SkyOrbis_SKY-Ko-Llama3.2-1B-lora-epoch5,36.59889094269871,33.900364520048605,4.758308157099698,25.922818791946305,34.65608465608466,19.456449468085108,1735340865.82036
SkyOrbis_SKY-Ko-Llama3.2-1B-lora-v2-epoch3,36.59889094269871,33.900364520048605,4.758308157099698,25.922818791946305,34.65608465608466,19.456449468085108,1735310004.2336738
SkyOrbis_SKY-Ko-Llama3.2-3B-lora-epoch1,45.4713493530499,43.89862871029335,13.821752265861026,29.194630872483224,35.18518518518518,30.044880319148938,1735326810.8267615
SkyOrbis_SKY-Ko-Qwen2.5-3B-Instruct,28.835489833641404,42.596771393855235,4.758308157099698,27.936241610738254,40.21164021164021,28.116688829787233,1736400029.7241383
SkyOrbis_SKY-Ko-Qwen2.5-7B-Instruct-SFT-step-15000,31.053604436229204,50.42527339003645,18.27794561933535,32.718120805369125,44.31216931216932,39.137300531914896,1738409897.2080383
SkyOrbis_SKY-Ko-Qwen2.5-7B-Instruct-SFT-step-5000,30.683918669131238,53.42822426662038,20.090634441087612,30.285234899328863,42.32804232804233,42.37865691489361,1738712785.2199993
Sorawiz_Gemma-9B-Base,16.081330868761555,59.191112654053114,9.818731117824774,33.9765100671141,40.34391534391534,42.35372340425532,1740444294.6647193
Sorawiz_Gemma-Creative-9B-Base,14.232902033271719,54.40027772956084,7.779456193353475,32.969798657718115,40.07936507936508,40.07646276595745,1740444583.8626485
Sourjayon_DeepSeek-R1-ForumNXT,18.484288354898336,32.99774344731817,14.501510574018129,27.432885906040266,33.86243386243386,16.481050531914892,1738711600.193878
Supichi_BBAI_135_Gemma,4.251386321626617,35.49730949487936,0.0,26.76174496644295,37.96296296296296,16.722074468085108,1740647483.614712
Syed-Hasan-8503_Phi-3-mini-4K-instruct-cpo-simpo,51.571164510166355,56.465891338309326,7.628398791540786,33.053691275167786,39.55026455026455,38.605385638297875,1724795597.1476293
T145_Meta-Llama-3.1-8B-Instruct-TIES,47.31977818853974,50.58149626800903,20.01510574018127,29.446308724832214,38.35978835978836,37.799202127659576,1734953732.408424
T145_qwen-2.5-3B-merge-test,52.31053604436229,48.029855927790315,3.096676737160121,28.523489932885905,39.94708994708995,32.89561170212766,1731928980.402508
TIGER-Lab_AceCoder-Qwen2.5-Coder-7B-Base-Rule,38.632162661737524,48.724179829890645,20.166163141993955,27.181208053691275,34.39153439153439,37.4501329787234,1741335677.8701816
TIGER-Lab_Qwen2.5-Math-7B-CFT,20.88724584103512,46.155181392119424,55.740181268882175,28.60738255033557,38.75661375661375,29.446476063829785,1741330263.0950794
TTTXXX01_Mistral-7B-Base-SimPO2-5e-7,38.07763401109057,43.013365735115435,2.190332326283988,29.78187919463087,35.978835978835974,27.659574468085108,1725348543.0008607
Tarek07_Thalassic-Alpha-LLaMa-70B,65.24953789279112,69.2761673320604,31.570996978851962,44.37919463087248,47.883597883597886,54.3467420212766,1738059519.3343604
Telugu-LLM-Labs_Indic-gemma-2b-finetuned-sft-Navarasa-2.0,14.602587800369685,32.18191286235029,1.2084592145015105,24.328859060402685,38.88888888888889,12.790890957446807,1738834987.068043
Telugu-LLM-Labs_Indic-gemma-7b-finetuned-sft-Navarasa-2.0,26.247689463955638,40.027772956084014,2.1148036253776437,27.01342281879195,40.74074074074074,23.503989361702125,1738833795.5218961
TheDrummer_Gemmasutra-9B-v1,21.811460258780038,58.7398021176879,7.326283987915408,31.04026845637584,48.41269841269841,40.45046542553192,1726793166.4688866
TheDrummer_Tiger-Gemma-9B-v2,65.61922365988909,56.13608748481167,0.0755287009063444,33.9765100671141,40.74074074074074,41.12367021276596,1736303968.095538
TheTsar1209_qwen-carpmuscle-r-v0.3,38.262476894639555,61.88161777469189,27.19033232628399,35.06711409395973,42.72486772486773,51.03058510638297,1729703575.39277
TheTsar1209_qwen-carpmuscle-v0.1,49.72273567467653,64.06873806630793,21.148036253776432,34.395973154362416,41.53439153439153,52.0029920212766,1728603200.8846223
TinyLlama_TinyLlama-1.1B-Chat-v0.1,9.426987060998151,30.55025169241451,0.0,22.90268456375839,35.84656084656085,10.97905585106383,1733161882.2566605
TinyLlama_TinyLlama-1.1B-Chat-v1.0,3.8817005545286505,30.60232598507204,0.8308157099697886,25.0,35.05291005291005,11.012300531914894,1722991779.9073515
TinyLlama_TinyLlama-1.1B-intermediate-step-1431k-3T,16.635859519408502,30.289880229126886,0.8308157099697886,25.25167785234899,33.730158730158735,11.20345744680851,1732747454.189161
Triangle104_DS-Distilled-Hermes-Llama-3.1,25.13863216266174,51.10223919458428,20.619335347432024,31.879194630872483,40.34391534391534,31.100398936170215,1737989735.4186125
Triangle104_DSR1-Distill-Llama-Lit-8B,13.123844731977819,42.75299427182781,35.196374622356494,30.285234899328863,35.317460317460316,27.975398936170215,1740440310.1291702
Triangle104_DSR1-Distill-Qwen-7B-RP,29.02033271719039,42.909217149800384,48.036253776435046,31.963087248322147,40.34391534391534,30.277593085106385,1740439768.5127213
Triangle104_Dolphin3-Llama3.2-Smart,35.48983364140481,39.45495573685125,2.1148036253776437,26.929530201342285,39.15343915343915,21.949800531914892,1737987844.2852309
Triangle104_Llama3.1-Allades-Lit-8b,17.929759704251385,41.64207602846728,0.22658610271903326,28.439597315436245,37.03703703703704,27.24401595744681,1740439768.5128586
Triangle104_Mistral-Small-24b-Harmony,10.720887245841034,64.22496094428051,19.108761329305135,38.422818791946305,42.72486772486773,54.30518617021277,1740451648.19353
Triangle104_Phi-4-AbliteratedRP,42.69870609981516,66.98489845512931,30.28700906344411,39.51342281879195,50.92592592592593,53.0751329787234,1737985690.7333803
Triangle104_Phi4-RP-o1,0.9242144177449169,66.37736504079153,36.027190332326285,37.332214765100666,47.48677248677249,51.105385638297875,1738372516.5838106
Triangle104_Phi4-RP-o1-Ablit,1.2939001848428837,66.1169935775039,38.82175226586103,36.3255033557047,47.48677248677249,51.04720744680851,1740449341.9047236
Triangle104_Porpoise-R1-Llama3.2-3b,37.52310536044362,37.927443152230516,4.229607250755287,26.677852348993287,35.714285714285715,21.168550531914892,1739905240.399905
Triangle104_RomboHermes3-R1-Llama3.2-3b,22.73567467652495,42.66620378406527,8.157099697885197,28.355704697986578,36.507936507936506,29.571143617021278,1739889018.0563319
UCLA-AGI_Gemma-2-9B-It-SPPO-Iter2,29.390018484288355,59.76392987328589,0.0,33.47315436241611,41.269841269841265,38.6968085106383,1723503312.2095606
UCLA-AGI_Gemma-2-9B-It-SPPO-Iter3,30.129390018484287,59.920152751258456,0.0,33.89261744966443,41.53439153439153,38.2563164893617,1723456200.2850115
UCLA-AGI_Llama-3-Instruct-8B-SPPO-Iter3,64.14048059149722,50.633570560666556,7.326283987915408,26.51006711409396,36.507936507936506,36.44448138297872,1719446616.1601133
UCLA-AGI_Mistral7B-PairRM-SPPO,37.33826247689464,44.12428397847596,2.416918429003021,28.104026845637588,39.55026455026455,26.205119680851062,1727463422.486663
UCLA-AGI_Mistral7B-PairRM-SPPO-Iter2,38.07763401109057,44.55823641728867,1.5105740181268883,28.859060402684566,40.74074074074074,26.770279255319153,1723503462.7709055
UCLA-AGI_Mistral7B-PairRM-SPPO-Iter3,36.41404805914972,43.82919632008332,1.5861027190332326,27.516778523489933,40.60846560846561,26.57912234042553,1723503568.1759467
UKzExecution_LlamaExecutor-8B-3.0.5,70.24029574861368,49.92188856101371,8.534743202416918,25.587248322147648,37.43386243386244,36.253324468085104,1723526199.1829703
VAGOsolutions_Llama-3-SauerkrautLM-70b-Instruct,77.07948243992607,66.39472313834403,21.676737160120847,32.802013422818796,43.25396825396825,53.922872340425535,1721520783.169802
VAGOsolutions_Llama-3-SauerkrautLM-8b-Instruct,70.60998151571165,49.2622808540184,5.740181268882175,30.87248322147651,42.32804232804233,38.57214095744681,1721900931.9278934
VAGOsolutions_Llama-3.1-SauerkrautLM-8b-Instruct,76.89463955637707,50.80715153619163,11.178247734138973,29.026845637583893,41.4021164021164,38.90458776595745,1722310619.400936
VAGOsolutions_SauerkrautLM-Gemma-2b,19.408502772643253,33.98715500781114,1.9637462235649545,25.671140939597315,36.64021164021164,14.685837765957446,1721300965.9352453
VAGOsolutions_SauerkrautLM-gemma-2-9b-it,28.465804066543438,60.71862523867384,0.5287009063444109,32.718120805369125,43.12169312169312,40.90757978723404,1725292244.511025
VIRNECT_llama-3-Korean-8B-r-v-0.1,41.95933456561922,47.87363304981774,7.175226586102719,24.24496644295302,36.64021164021164,32.59640957446808,1726278339.356716
ValiantLabs_Llama3.1-70B-ShiningValiant2,47.874306839186694,67.29734421107446,27.19033232628399,39.261744966442954,46.69312169312169,51.72872340425532,1730322682.566245
ValiantLabs_Llama3.1-8B-Fireplace2,49.35304990757856,45.825377538621765,5.81570996978852,28.859060402684566,34.25925925925926,24.069148936170212,1721939474.5595856
ValiantLabs_Llama3.2-3B-Esper2,20.70240295748614,38.1183822253081,2.190332326283988,27.01342281879195,35.44973544973545,22.57313829787234,1728547083.2306256
Weyaxi_Einstein-v6.1-Llama3-8B,39.92606284658041,49.800381878146155,5.740181268882175,28.187919463087248,42.06349206349206,31.30817819148936,1721208402.639649
Weyaxi_Einstein-v6.1-developed-by-Weyaxi-Llama3-8B,33.45656192236599,50.18226002430134,5.589123867069486,27.348993288590606,43.25396825396825,30.925864361702125,1721296546.9744008
Weyaxi_Einstein-v7-Qwen2-7B,34.750462107208875,51.136955389689284,15.181268882175228,29.949664429530205,43.91534391534391,40.95744680851064,1721293572.637501
Xiaojian9992024_Llama3.2-1B-THREADRIPPER,49.16820702402958,35.236938031591734,5.438066465256798,26.090604026845636,31.216931216931215,17.627992021276594,1738583795.859654
Xiaojian9992024_Llama3.2-1B-THREADRIPPER-v0.2,46.76524953789279,34.959208470751605,3.096676737160121,26.593959731543627,33.06878306878307,17.45345744680851,1738714458.993822
Xiaojian9992024_Qwen2.5-THREADRIPPER-Medium-Censored,78.18853974121997,64.12081235896547,53.398791540785496,33.47315436241611,41.269841269841265,49.285239361702125,1739895237.1260405
Xiaojian9992024_Qwen2.5-Ultra-1.5B-25.02-Exp,35.304990757855826,40.32286061447665,8.308157099697885,25.838926174496645,33.730158730158735,26.412898936170215,1740441050.5534542
YOYO-AI_Qwen2.5-14B-YOYO-0505,52.31053604436229,65.12758201701094,22.885196374622357,37.332214765100666,47.48677248677249,53.70678191489362,1737992026.245467
YOYO-AI_Qwen2.5-14B-YOYO-0805,52.31053604436229,65.12758201701094,22.885196374622357,37.332214765100666,47.48677248677249,53.70678191489362,1737968094.2119184
YOYO-AI_Qwen2.5-14B-YOYO-1010,52.865064695009245,65.16229821211596,22.129909365558913,38.33892617449665,47.354497354497354,53.756648936170215,1737796329.422121
YOYO-AI_Qwen2.5-14B-YOYO-SCE,52.12569316081331,64.67627148064572,23.187311178247736,37.41610738255034,46.95767195767196,53.80651595744681,1738410137.381998
YOYO-AI_Qwen2.5-14B-YOYO-V4,81.1460258780037,64.74570387085575,53.47432024169184,32.21476510067114,41.00529100529101,51.69547872340425,1740983259.4162357
YOYO-AI_Qwen2.5-14B-YOYO-V4-p2,77.26432532347505,63.28762367644506,51.66163141993958,32.718120805369125,44.17989417989418,49.675864361702125,1740828109.1047938
YOYO-AI_Qwen2.5-14B-YOYO-latest,52.865064695009245,66.42943933344905,32.02416918429003,38.25503355704698,46.82539682539682,53.70678191489362,1738634417.9198256
YOYO-AI_Qwen2.5-14B-YOYO-latest-V2,74.67652495378928,62.71480645721229,51.586102719033235,35.40268456375839,42.857142857142854,52.23570478723404,1740435166.6429527
YOYO-AI_Qwen2.5-7B-it-restore,71.71903881700554,53.810102412775564,50.0,30.11744966442953,39.94708994708995,42.877327127659576,1741584272.2737443
YOYO-AI_ZYH-LLM-Qwen2.5-14B,53.23475046210721,66.25585835792397,29.68277945619335,38.59060402684564,47.48677248677249,53.50731382978723,1738737591.339201
YOYO-AI_ZYH-LLM-Qwen2.5-14B-V2,43.622920517560075,64.29439333449054,35.422960725075534,37.919463087248324,46.82539682539682,53.71509308510638,1739908742.0055954
Youlln_ECE-Qwen0.5B-FT-V2,19.223659889094268,32.70265578892553,1.2084592145015105,26.677852348993287,30.555555555555557,16.65558510638298,1728715874.1473954
Yuma42_Llama3.1-IgneousIguana-8B,78.37338262476895,51.692414511369556,21.978851963746223,31.04026845637584,41.93121693121693,39.73570478723404,1741623547.7775412
ZeroXClem_Llama-3.1-8B-AthenaSky-MegaMix,57.67097966728281,51.570907828502,27.945619335347434,27.768456375838923,35.317460317460316,35.03989361702128,1741793289.6113498
ZeroXClem_Llama-3.1-8B-SuperNova-EtherealHermes,69.31608133086876,52.29994792570734,17.447129909365557,29.278523489932883,40.60846560846561,37.4501329787234,1741793604.890765
ZeroXClem_Qwen-2.5-Aether-SlerpFusion-7B,57.48613678373382,54.33084533935081,24.169184290030213,29.86577181208054,41.66666666666667,43.267952127659576,1732195092.2142854
ZeroXClem_Qwen2.5-7B-HomerAnvita-NerdMix,73.93715341959334,55.1640340218712,29.531722054380666,31.963087248322147,43.783068783068785,44.31515957446808,1732233802.3134549
abacusai_Liberated-Qwen1.5-14B,29.57486136783734,49.2622808540184,11.178247734138973,28.355704697986578,41.66666666666667,35.07313829787234,1725534803.4558828
abacusai_bigyi-15b,16.820702402957487,43.32581149106058,2.3413897280966767,30.956375838926174,35.317460317460316,30.028257978723406,1726636977.0638754
abideen_MedPhi-4-14B-v1,57.67097966728281,68.77278250303766,24.546827794561935,34.395973154362416,41.4021164021164,53.38264627659575,1736807259.7140195
agentlans_Llama3.1-8B-drill,72.45841035120148,50.06075334143378,16.540785498489427,26.76174496644295,36.64021164021164,37.75764627659575,1735340864.2377996
agentlans_Llama3.1-Daredevilish,57.48613678373382,49.90453046346121,12.764350453172204,30.11744966442953,40.87301587301587,36.96808510638298,1737627763.4663694
agentlans_Qwen2.5-0.5B-Instruct-CrashCourse-dropout,23.844731977818853,32.92831105710814,0.0755287009063444,26.34228187919463,33.33333333333333,16.082114361702125,1735713045.4315488
akhadangi_Llama3.2.1B.0.01-First,5.360443622920517,31.609095643117513,1.812688821752266,24.832214765100673,31.878306878306876,11.96808510638298,1741606384.9662817
akhadangi_Llama3.2.1B.0.1-First,6.469500924214418,30.9494879361222,2.1148036253776437,24.496644295302016,32.93650793650794,11.693816489361703,1741605864.8485591
akhadangi_Llama3.2.1B.BaseFiT,5.545286506469501,31.55702135045999,2.416918429003021,25.335570469798657,32.142857142857146,11.71875,1741606793.143208
allenai_Llama-3.1-Tulu-3-70B,79.85212569316081,61.29144245790661,38.21752265861027,37.332214765100666,49.338624338624335,46.45113031914894,1732702441.0914435
allenai_Llama-3.1-Tulu-3-8B-DPO,76.89463955637707,40.47908349244923,18.580060422960727,29.36241610738255,41.53439153439153,28.981050531914892,1732268371.9714892
allenai_Llama-3.1-Tulu-3-8B-RM,11.460258780036968,29.2657524735289,0.0,25.671140939597315,37.56613756613756,10.821143617021276,1732269274.5499184
allenai_Llama-3.1-Tulu-3-8B-SFT,70.60998151571165,38.34403749349071,11.404833836858005,27.768456375838923,42.592592592592595,28.116688829787233,1732268761.614373
allknowingroger_Gemma2Slerp1-2.6B,47.13493530499076,43.221662905745525,10.196374622356496,28.355704697986578,45.5026455026455,26.886635638297875,1733510837.9406412
allknowingroger_Gemma2Slerp1-27B,67.46765249537893,63.70421801770526,24.924471299093657,36.40939597315436,47.61904761904761,44.56449468085106,1733510840.1253538
allknowingroger_Gemma2Slerp2-27B,71.53419593345656,65.2838048949835,24.3202416918429,36.99664429530201,46.164021164021165,46.22672872340425,1733510837.9448214
allknowingroger_Gemma2Slerp4-27B,70.79482439926062,65.00607533414338,22.885196374622357,36.66107382550335,44.97354497354497,46.492686170212764,1733510837.779354
allknowingroger_GemmaSlerp5-10B,69.13123844731977,60.49296997049124,19.788519637462233,35.23489932885906,46.03174603174603,43.284574468085104,1732304388.0646763
allknowingroger_GemmaStock1-27B,71.1645101663586,65.37059538274606,25.90634441087613,36.40939597315436,45.23809523809524,47.29886968085106,1733510837.7854044
allknowingroger_Llama3.1-60B,11.829944547134936,32.112480472140255,0.0,29.446308724832214,35.84656084656085,33.10339095744681,1728625110.5172842
allknowingroger_MistralPhi3-11B,13.67837338262477,62.176705433084535,0.0,33.22147651006711,42.592592592592595,46.875,1725343268.3742964
allknowingroger_Mistralmash2-7B-s,34.195933456561924,52.87276514494012,7.099697885196375,29.78187919463087,43.65079365079365,33.45246010638298,1725345066.7083104
allknowingroger_Phi3mash1-17B-pass,12.384473197781885,61.10050338482902,0.0,31.963087248322147,44.44444444444444,45.89428191489361,1725342384.2074263
allknowingroger_Qwen2.5-42B-AGI,13.67837338262477,29.057455302898806,0.0,26.006711409395972,36.11111111111111,11.67719414893617,1729536630.693965
allknowingroger_Qwen2.5-7B-task3,44.54713493530499,53.61916333969797,20.996978851963746,31.711409395973156,43.51851851851852,45.013297872340424,1730916483.1056476
allknowingroger_Qwen2.5-7B-task4,43.992606284658045,55.52855407047388,26.73716012084592,32.04697986577181,43.91534391534391,45.611702127659576,1730916310.779954
allknowingroger_QwenSlerp12-7B,44.91682070240296,55.33761499739629,26.73716012084592,31.543624161073826,45.8994708994709,44.606050531914896,1732304210.1894011
allknowingroger_QwenSlerp4-14B,57.48613678373382,64.6415552855407,30.966767371601208,37.24832214765101,46.42857142857143,54.35505319148937,1733510084.618143
allknowingroger_QwenSlerp6-14B,63.95563770794824,63.721576115257776,34.13897280966767,37.332214765100666,46.82539682539682,54.055851063829785,1733509822.173035
allknowingroger_QwenStock1-14B,50.09242144177449,65.11022391945843,29.38066465256798,37.667785234899334,47.22222222222222,54.18051861702128,1733510838.1006048
allknowingroger_QwenStock2-14B,48.79852125693161,65.4747439680611,29.909365558912388,37.919463087248324,47.48677248677249,54.055851063829785,1733510837.814566
allknowingroger_Qwenslerp3-14B,43.253234750462106,64.98871723659086,27.416918429003022,37.5,46.69312169312169,53.94780585106383,1729537455.6911056
allknowingroger_Qwenslerp3-7B,44.73197781885398,55.51119597292137,28.247734138972806,32.466442953020135,45.10582010582011,45.42054521276596,1730916801.1049945
allknowingroger_ROGERphi-7B-slerp,31.42329020332717,51.5882659260545,6.646525679758309,28.859060402684566,46.82539682539682,30.52692819148936,1723535049.6129265
allknowingroger_Rombos-LLM-V2.5-Qwen-42b,13.123844731977819,29.283110571081412,0.0,26.25838926174497,36.24338624338625,11.67719414893617,1730163796.8461504
allknowingroger_Yi-1.5-34B,10.720887245841034,27.981253254643292,0.0,25.838926174496645,38.492063492063494,10.954122340425531,1730158791.9633925
allknowingroger_Yislerp-34B,30.31423290203327,61.360874848116644,19.561933534743204,35.822147651006716,45.63492063492063,47.51496010638298,1726919858.280426
allknowingroger_Yislerp2-34B,33.826247689463955,62.28085401839958,20.996978851963746,36.40939597315436,45.23809523809524,47.2406914893617,1727473900.1832404
allura-org_Mistral-Small-24b-Sertraline-0304,63.21626617375231,65.12758201701094,22.280966767371602,35.151006711409394,43.91534391534391,51.05551861702128,1741190805.4048657
amazon_MegaBeam-Mistral-7B-300k,46.39556377079482,42.12810275993751,2.1148036253776437,27.348993288590606,39.682539682539684,25.49035904255319,1728307608.8647432
anakin87_gemma-2b-orpo,19.223659889094268,33.95243881270613,1.2084592145015105,26.174496644295303,37.16931216931217,13.05684840425532,1722241734.2572212
arcee-ai_Llama-3.1-SuperNova-Lite,76.89463955637707,51.136955389689284,15.483383685800604,30.620805369127517,41.53439153439153,38.77160904255319,1726670990.010506
asharsha30_LLAMA_Harsha_8_B_ORDP_10k,27.911275415896487,46.67592431869467,5.211480362537765,27.348993288590606,36.904761904761905,28.1000664893617,1733113755.3284056
awnr_Mistral-7B-v0.1-signtensors-1-over-4,0.0,28.762367644506163,0.0,25.922818791946305,35.714285714285715,11.660571808510637,1721648797.3653972
axolotl-ai-co_romulus-mistral-nemo-12b-simpo,55.45286506469501,53.60180524214546,0.8308157099697886,27.85234899328859,42.195767195767196,34.59109042553192,1722013231.1556876
bedio_DistMerge_Llama-3.1-8B-Instruct,47.31977818853974,51.1543134872418,14.501510574018129,30.453020134228186,44.70899470899471,39.58610372340425,1726098237.1445916
bigscience_bloom-1b1,9.242144177449168,30.81062315570213,0.1510574018126888,25.922818791946305,36.904761904761905,11.07878989361702,1718572603.2945218
bosonai_Higgs-Llama-3-70B,48.98336414048059,62.28085401839958,15.785498489425981,36.66107382550335,44.576719576719576,49.01928191489361,1728149082.1477215
braindao_DeepSeek-R1-Distill-Qwen-1.5B-Blunt,20.33271719038817,27.443152230515533,13.821752265861026,24.748322147651006,35.84656084656085,11.835106382978724,1740344796.0405176
braindao_DeepSeek-R1-Distill-Qwen-14B-Blunt,51.20147874306839,32.35549383787537,16.389728096676738,30.285234899328863,45.370370370370374,14.469747340425531,1741036037.5073628
braindao_DeepSeek-R1-Distill-Qwen-14B-Blunt-Uncensored,48.24399260628466,31.418156570039923,16.314199395770395,28.27181208053691,44.70899470899471,14.311835106382977,1741265891.5495641
braindao_DeepSeek-R1-Distill-Qwen-14B-Blunt-Uncensored-Blunt,46.39556377079482,31.3660822773824,25.075528700906347,27.85234899328859,45.10582010582011,14.835438829787234,1741036006.5502183
braindao_DeepSeek-R1-Distill-Qwen-7B-Reflective,31.79297597042514,28.710293351848637,20.241691842900302,25.419463087248324,38.88888888888889,11.55252659574468,1741031895.4186223
braindao_Qwen2.5-14B,49.53789279112754,58.3058496788752,29.229607250755286,37.332214765100666,41.13756613756614,48.836436170212764,1741248494.91659
bunnycore_FuseCyberMix-Qwen-2.5-7B-Instruct,65.80406654343808,54.88630446103107,0.0755287009063444,29.697986577181208,40.07936507936508,43.367686170212764,1734684727.2755635
bunnycore_Gemma2-9B-TitanFusion,15.341959334565619,57.056066655094604,7.7039274924471295,33.22147651006711,41.269841269841265,39.602726063829785,1739972589.932698
bunnycore_HyperLlama-3.1-8B,75.04621072088725,50.893942023954175,16.012084592145015,28.691275167785236,38.22751322751323,37.83244680851064,1725667947.6392386
bunnycore_Llama-3.1-8B-TitanFusion-v3,41.0351201478743,52.45617080367991,12.990936555891238,30.87248322147651,42.98941798941799,38.05684840425532,1727453288.2366183
bunnycore_Llama-3.2-3B-Deep-Test,11.645101663585953,29.040097205346292,0.0,25.16778523489933,36.37566137566138,10.488696808510637,1735753736.4094229
bunnycore_Llama-3.2-3B-Della,28.650646950092423,36.53879534802986,2.643504531722054,27.600671140939596,38.88888888888889,21.284906914893618,1737352055.9517896
bunnycore_Llama-3.2-3B-Long-Think,48.79852125693161,45.96424231904183,13.972809667673717,26.090604026845636,33.86243386243386,30.477061170212767,1729765276.9409168
bunnycore_Llama-3.2-3B-Mix-Skill,58.78003696857671,45.66915466064919,12.688821752265861,26.174496644295303,33.86243386243386,31.20844414893617,1730125724.6826854
bunnycore_Llama-3.2-3B-ProdigyPlus,34.380776340110906,43.86391251518834,9.894259818731117,26.845637583892618,35.714285714285715,28.174867021276594,1729884399.4181101
bunnycore_Llama-3.2-3B-ToxicKod,58.04066543438078,45.078979343863914,16.993957703927492,26.593959731543627,34.65608465608466,28.798204787234045,1741644909.4115276
bunnycore_Phi-3.5-mini-TitanFusion-0.1,46.76524953789279,53.480298559277905,6.193353474320242,33.13758389261745,44.44444444444444,38.06515957446808,1729008702.1617496
bunnycore_Phi-4-Model-Stock-v4,66.54343807763401,69.01579586877278,37.160120845921455,36.91275167785235,46.03174603174603,53.93949468085106,1737797318.3553724
bunnycore_Phi-4-RP-v0,63.4011090573013,68.32147196667245,27.794561933534744,35.23489932885906,41.269841269841265,53.64029255319149,1736821029.9378712
bunnycore_Phi-4-RR-Shoup,60.62846580406654,69.25880923450791,47.9607250755287,33.7248322147651,44.31216931216932,54.28856382978723,1738498669.8063347
bunnycore_Phi-4-ReasoningRP,62.661737523105366,68.99843777122028,44.33534743202417,34.395973154362416,44.84126984126984,54.20545212765957,1738069355.0142245
bunnycore_Phi-4-Sce-exp-v0.1,60.44362292051756,69.22409303940287,48.11178247734139,33.557046979865774,44.31216931216932,54.230385638297875,1738944355.342231
bunnycore_Phi-4-Stock-Ex,60.62846580406654,68.408262454435,39.12386706948641,35.06711409395973,46.164021164021165,53.748337765957444,1737055338.2033048
bunnycore_Phi-4-Stock-RP,59.51940850277264,68.39090435688249,32.25075528700906,35.822147651006716,47.08994708994709,53.16655585106383,1736791967.546862
bunnycore_Phi-4-Trim-Exp1,8.317929759704251,28.311057108140947,0.5287009063444109,25.503355704697988,41.66666666666667,11.46941489361702,1739891270.4206445
bunnycore_Qwen-2.5-7B-Deep-Stock-v1,50.83179297597042,53.41086616906787,25.528700906344408,27.768456375838923,41.00529100529101,40.65824468085106,1737805683.8112855
bunnycore_Qwen-2.5-7B-Deep-Stock-v5,38.262476894639555,46.45026905051207,14.72809667673716,27.01342281879195,36.37566137566138,28.316156914893615,1739899258.3576746
bunnycore_Qwen-2.5-7B-Exp-Sce,72.45841035120148,54.71272348550599,32.55287009063444,29.86577181208054,44.17989417989418,42.586436170212764,1739910098.9232197
bunnycore_Qwen-2.5-7b-S1k,67.46765249537893,55.35497309494879,47.809667673716014,28.439597315436245,40.60846560846561,43.824800531914896,1740435213.448984
bunnycore_Qwen2.5-1.5B-Model-Stock,11.645101663585953,28.415205693456,0.0,25.922818791946305,36.64021164021164,11.003989361702128,1740771289.1054718
bunnycore_Qwen2.5-3B-Model-Stock-v2,60.258780036968574,46.39819475785454,0.0,28.691275167785236,39.021164021164026,32.69614361702128,1736975458.7231054
bunnycore_Qwen2.5-3B-Model-Stock-v3.2,58.59519408502772,46.884221489324766,37.53776435045317,28.355704697986578,39.15343915343915,32.937167553191486,1740559165.943501
bunnycore_Qwen2.5-3B-Model-Stock-v4.1,59.14972273567468,47.83891685471272,37.68882175226586,27.936241610738254,39.285714285714285,33.86801861702128,1740771527.7527647
bunnycore_Qwen2.5-3B-RP-Mix,51.940850277264325,48.68946363478563,7.401812688821751,27.348993288590606,42.72486772486773,37.27559840425532,1729703150.625366
bunnycore_Qwen2.5-7B-Instruct-Fusion,65.61922365988909,54.608574900190945,19.939577039274926,30.453020134228186,42.857142857142854,44.67253989361702,1730914322.241688
bunnycore_Qwen2.5-7B-MixStock-Sce-V0.3,15.89648798521257,34.664120812358966,25.755287009063444,25.75503355704698,37.03703703703704,17.794215425531913,1739973490.3042877
bunnycore_Qwen2.5-7B-MixStock-V0.1,73.01293900184844,54.45235202221836,28.851963746223564,30.033557046979865,44.047619047619044,42.561502659574465,1738781899.0225961
bunnycore_Qwen2.5-7B-R1-Bespoke-Stock,29.20517560073937,48.029855927790315,17.29607250755287,27.85234899328859,39.15343915343915,34.7157579787234,1737786681.6698895
bunnycore_Qwen2.5-7B-R1-Bespoke-Task,31.608133086876155,41.225481687207086,3.1722054380664653,25.335570469798657,35.58201058201058,26.878324468085108,1737786481.998325
bunnycore_Qwen2.5-7B-Sky-R1-Mini,17.56007393715342,34.75091130012151,2.9456193353474323,28.942953020134226,34.39153439153439,12.533244680851062,1739976004.168291
bunnycore_Smol-Llama-3.2-3B,62.10720887245841,45.28727651449401,13.51963746223565,27.684563758389263,34.523809523809526,32.28058510638298,1735504896.2951202
byroneverson_Mistral-Small-Instruct-2409-abliterated,65.4343807763401,51.709772608922066,14.123867069486403,33.30536912751678,36.904761904761905,39.22872340425532,1729017419.908984
byroneverson_Yi-1.5-9B-Chat-abliterated,51.75600739371534,53.705953827460505,9.818731117824774,29.194630872483224,43.783068783068785,37.150930851063826,1726668988.3921063
carsenk_phi3.5_mini_exp_825_uncensored,9.057301293900185,29.283110571081412,0.0,24.916107382550333,36.37566137566138,11.751994680851062,1725318447.3635557
cat-searcher_gemma-2-9b-it-sppo-iter-1,28.280961182994456,59.590348897760805,0.0,34.47986577181208,39.15343915343915,38.53889627659575,1723513900.9166777
cckm_tinymistral_950m,17.929759704251385,29.474049644159,0.3021148036253776,26.006711409395972,35.44973544973545,10.962433510638297,1736803320.1059291
chujiezheng_Mistral7B-PairRM-SPPO-ExPO,29.944547134935306,38.621767054330846,0.906344410876133,27.684563758389263,40.476190476190474,25.515292553191486,1726992212.6106403
cloudyu_Llama-3-70Bx2-MOE,51.01663585951941,66.20378406526645,19.86404833836858,39.34563758389262,48.01587301587302,51.42121010638297,1722013964.741974
cognitivecomputations_Dolphin3.0-Qwen2.5-0.5B,42.14417744916821,31.07099461898976,5.13595166163142,23.48993288590604,35.44973544973545,14.128989361702127,1741005376.9262729
cognitivecomputations_Dolphin3.0-R1-Mistral-24B,33.64140480591497,53.445582364172886,20.694864048338367,29.446308724832214,39.41798941798942,30.0531914893617,1738948567.0252094
cognitivecomputations_dolphin-2.9-llama3-8b,32.16266173752311,49.401145634438464,5.0604229607250755,28.691275167785236,43.65079365079365,27.7094414893617,1718562950.4786437
cognitivecomputations_dolphin-2.9.1-llama-3-70b,29.75970425138632,51.74448880402708,5.438066465256798,30.87248322147651,49.60317460317461,41.29820478723404,1728131934.323093
cognitivecomputations_dolphin-2.9.1-yi-1.5-9b,39.186691312384475,54.66064919284847,10.42296072507553,33.808724832214764,43.386243386243386,39.66921542553192,1723459562.0349488
cognitivecomputations_dolphin-2.9.3-mistral-7B-32k,34.56561922365989,47.83891685471272,4.833836858006042,28.523489932885905,46.2962962962963,28.20811170212766,1721638532.0670059
cognitivecomputations_dolphin-2.9.4-gemma2-2b,8.317929759704251,40.49644159000174,4.1540785498489425,28.439597315436245,41.66666666666667,21.05219414893617,1725165863.7490034
cognitivecomputations_dolphin-2.9.4-llama3.1-8b,26.98706099815157,34.959208470751605,0.22658610271903326,25.335570469798657,32.27513227513227,12.342087765957446,1725134101.561597
cstr_llama3.1-8b-spaetzle-v90,68.94639556377079,52.90748134004512,13.36858006042296,28.27181208053691,41.269841269841265,37.30884308510639,1726457578.7019806
deepseek-ai_DeepSeek-R1-Distill-Llama-8B,30.683918669131238,32.112480472140255,0.0,25.503355704697988,32.407407407407405,20.894281914893618,1737407118.446501
deepseek-ai_DeepSeek-R1-Distill-Qwen-1.5B,27.54158964879852,32.12983856969276,0.0,25.587248322147648,36.24338624338625,11.868351063829788,1737412093.9189832
deepseek-ai_DeepSeek-R1-Distill-Qwen-7B,33.271719038817004,34.1086616906787,0.0,27.936241610738254,36.507936507936506,23.21309840425532,1737411863.161731
deepseek-ai_deepseek-llm-7b-base,15.157116451016636,34.88977608054157,1.2084592145015105,27.348993288590606,37.301587301587304,18.060172872340424,1718638527.23163
deepseek-ai_deepseek-moe-16b-base,18.299445471349355,34.02187120291616,1.812688821752266,25.419463087248324,36.507936507936506,15.05152925531915,1718620365.6877387
dnhkng_RYS-Llama-3-8B-Instruct,64.69500924214418,47.87363304981774,6.193353474320242,25.75503355704698,33.730158730158735,35.5718085106383,1723487866.226911
dnhkng_RYS-Llama-3-Large-Instruct,77.07948243992607,65.0581496268009,21.827794561933533,28.942953020134226,41.66666666666667,51.37134308510638,1723487346.3172796
dnhkng_RYS-Llama-3.1-8B-Instruct,72.64325323475046,51.50147543829197,11.329305135951662,26.76174496644295,36.77248677248677,36.394614361702125,1725312760.562339
duyhv1411_Llama-3.2-3B-en-vi,41.40480591497228,32.35549383787537,2.2658610271903323,27.516778523489933,32.01058201058201,13.588763297872342,1741273222.9471092
dwikitheduck_gemma-2-2b-id-inst,33.08687615526802,39.333449053983685,0.5287009063444109,29.949664429530205,41.4021164021164,21.73371010638298,1732490041.5912046
ehristoforu_Gemma2-9B-it-psy10k-mental_health,52.865064695009245,55.42440548515882,12.16012084592145,33.7248322147651,40.74074074074074,38.289561170212764,1723524388.1906717
ehristoforu_Gemma2-9b-it-train6,65.80406654343808,58.91338309321298,8.38368580060423,32.88590604026846,40.74074074074074,39.41988031914894,1723524522.6139529
ehristoforu_QwenQwen2.5-7B-IT,71.34935304990758,53.75802812011804,0.0,30.369127516778523,40.21164021164021,42.893949468085104,1738405560.0361505
ehristoforu_coolqwen-3b-it,60.62846580406654,48.16872070821038,0.0,28.27181208053691,41.13756613756614,36.012300531914896,1736160678.0832043
ehristoforu_qwen2.5-test-32b-it,75.41589648798521,70.43915986807846,7.930513595166164,36.40939597315436,45.63492063492063,57.654587765957444,1738588046.8589394
ehristoforu_rufalcon3-3b-it,53.97412199630314,41.24283978475959,17.371601208459214,27.265100671140942,38.88888888888889,23.47905585106383,1736159224.4966278
ehristoforu_ruphi-4b,12.014787430683919,28.814441937163686,0.0,23.993288590604024,35.05291005291005,11.261635638297872,1736159230.180773
ell44ot_gemma-2b-def,20.88724584103512,31.331366082277384,1.7371601208459215,27.348993288590606,36.64021164021164,15.724734042553193,1732776591.2082782
ewre324_Thinker-Qwen2.5-0.5B-Instruct-Reasoning,18.11460258780037,32.789446276688075,0.4531722054380665,28.523489932885905,33.730158730158735,16.472739361702125,1736305835.269467
facebook_opt-1.3b,17.929759704251385,30.75854886304461,0.7552870090634441,24.24496644295302,34.12698412698413,11.070478723404255,1718631488.236687
facebook_opt-30b,18.484288354898336,30.480819302204477,0.6042296072507553,26.929530201342285,35.978835978835974,11.63563829787234,1718636987.535432
failspy_Meta-Llama-3-70B-Instruct-abliterated-v3.5,74.12199630314234,57.2470057281722,11.858006042296072,29.697986577181208,39.682539682539684,44.522938829787236,1725299375.4849048
failspy_Phi-3-medium-4k-instruct-abliterated-v3,58.04066543438078,62.836313140079845,14.123867069486403,31.711409395973156,45.8994708994709,43.99933510638298,1722309640.0250714
fhai50032_Unaligned-Thinker-PHI-4,3.6968576709796674,66.15170977260892,33.00604229607251,38.08724832214765,46.69312169312169,51.47107712765957,1737147455.7171469
flammenai_Mahou-1.2a-mistral-7B,38.817005545286506,50.92865821905919,5.81570996978852,27.181208053691275,38.88888888888889,31.632313829787233,1723537423.1494608
flammenai_Mahou-1.5-mistral-nemo-12B,62.84658040665434,54.81687207082104,5.0604229607250755,27.600671140939596,45.10582010582011,36.02061170212766,1728271455.4466171
fluently-lm_Llama-TI-8B,21.996303142329023,51.86599548689463,19.71299093655589,29.61409395973154,41.00529100529101,34.3999335106383,1733601394.854212
fluently-lm_Llama-TI-8B-Instruct,73.75231053604436,52.49088699878494,22.9607250755287,29.53020134228188,38.095238095238095,37.258976063829785,1737058239.805941
fluently-sets_FalconThink3-10B-IT,68.94639556377079,61.74275299427183,23.716012084592144,33.47315436241611,44.70899470899471,44.34840425531915,1735499176.161023
freewheelin_free-evo-qwen72b-v0.8-re,47.504621072088725,60.8401319215414,16.238670694864048,35.65436241610738,48.67724867724868,48.703457446808514,1728110688.8600545
fulim_FineLlama-3.1-8B,8.872458410351202,45.51293178267662,4.531722054380665,29.278523489932883,38.62433862433862,31.673869680851062,1734495343.703927
gaverfraxz_Meta-Llama-3.1-8B-Instruct-HalfAbliterated-DELLA,32.34750462107209,39.90626627321646,0.8308157099697886,28.439597315436245,36.37566137566138,16.539228723404257,1727483815.2048454
gaverfraxz_Meta-Llama-3.1-8B-Instruct-HalfAbliterated-TIES,37.89279112754159,50.32112480472141,11.63141993957704,26.677852348993287,37.301587301587304,36.785239361702125,1726731651.2403426
gbueno86_Brinebreath-Llama-3.1-70B,48.428835489833645,68.59920152751259,29.984894259818727,34.64765100671141,45.23809523809524,51.96143617021277,1725310169.4170134
gmonsoon_gemma2-9b-sahabatai-v1-instruct-BaseTIES,69.50092421441775,60.753341433778864,19.335347432024168,32.04697986577181,47.75132275132275,43.46742021276596,1732065155.5465357
godlikehhd_ifd_new_correct_all_sample_2500_qwen,26.98706099815157,39.7847595903489,8.761329305135952,29.026845637583893,35.58201058201058,28.88962765957447,1735633527.0249329
godlikehhd_ifd_new_qwen_2500,26.062846580406656,41.24283978475959,10.120845921450151,30.033557046979865,35.84656084656085,29.105718085106385,1735615776.2626448
godlikehhd_qwen-2.5-1.5b-cherry,22.73567467652495,39.993056760978995,9.667673716012084,30.033557046979865,34.523809523809526,29.230385638297875,1735482896.3009267
google_codegemma-1.1-2b,15.89648798521257,33.188682520395766,0.6042296072507553,26.51006711409396,38.62433862433862,12.782579787234042,1723537454.810894
google_gemma-1.1-2b-it,25.13863216266174,31.55702135045999,0.1510574018126888,26.929530201342285,33.86243386243386,14.835438829787234,1718614081.8411803
google_gemma-2-27b-it,76.34011090573013,64.22496094428051,0.6797583081570997,37.5,40.21164021164021,44.514627659574465,1724669328.2525144
google_gemma-2-2b,13.123844731977819,36.2089914945322,2.8700906344410875,26.25838926174497,42.195767195767196,21.800199468085108,1722267485.206012
google_gemma-2-2b-it,51.01663585951941,41.62471793091477,0.0755287009063444,27.432885906040266,39.15343915343915,25.498670212765955,1722267415.1513002
google_gemma-2-2b-jpn-it,44.36229205175601,42.214893247700054,3.474320241691843,28.523489932885905,39.55026455026455,25.78125,1728652297.7074106
google_gemma-7b-it,,36.2089914945322,,,,,1718552965.5376186
google_recurrentgemma-9b,24.953789279112755,38.83006422496094,4.833836858006042,28.523489932885905,38.35978835978836,26.08876329787234,1720084023.7367148
google_recurrentgemma-9b-it,43.253234750462106,42.70091997917028,0.7552870090634441,27.600671140939596,43.783068783068785,25.772938829787233,1720182735.6219778
grimjim_DeepSauerHuatuoSkywork-R1-o1-Llama-3.1-8B,40.66543438077634,52.45617080367991,21.978851963746223,33.808724832214764,44.047619047619044,39.56948138297872,1738402104.7988672
grimjim_Gigantes-v2-gemma2-9b-it,69.31608133086876,59.78128797083839,4.758308157099698,35.151006711409394,45.8994708994709,42.594747340425535,1735486843.0610507
grimjim_Gigantes-v3-gemma2-9b-it,65.06469500924214,59.74657177573338,5.966767371601208,35.65436241610738,46.03174603174603,42.262300531914896,1735506283.933123
grimjim_HuatuoSkywork-o1-Llama-3.1-8B,32.34750462107209,48.828328415205696,33.987915407854985,29.278523489932883,38.35978835978836,30.950797872340424,1736163739.3466015
grimjim_Llama-3-Instruct-8B-SPPO-Iter3-SimPO-merge,35.304990757855826,49.418503731990974,9.365558912386707,29.026845637583893,40.34391534391534,36.253324468085104,1723478332.4685645
grimjim_Llama-3.1-Bonsaikraft-8B-Instruct,35.12014787430684,52.61239368165249,12.83987915407855,30.369127516778523,42.32804232804233,37.64128989361702,1737779460.527528
grimjim_Llama-Nephilim-Metamorphosis-v2-8B,37.89279112754159,49.99132095122374,13.746223564954683,32.29865771812081,40.87301587301587,38.09009308510639,1735856992.4483776
grimjim_Magot-v2-Gemma2-8k-9B,69.13123844731977,58.896024995660476,0.0,35.40268456375839,43.386243386243386,42.229055851063826,1735564063.10902
grimjim_llama-3-Nephilim-v2-8B,32.16266173752311,50.33848290227391,9.516616314199396,29.949664429530205,38.88888888888889,36.41123670212766,1726671779.699018
grimjim_llama-3-Nephilim-v2.1-8B,31.97781885397412,50.82450963374414,8.987915407854985,29.949664429530205,39.285714285714285,36.44448138297872,1726671779.7003968
grimjim_llama-3-Nephilim-v3-8B,34.195933456561924,49.95660475611873,9.138972809667674,29.53020134228188,39.81481481481482,36.12034574468085,1725311219.3574405
gz987_qwen2.5-7b-cabs-v0.4,72.2735674676525,54.9557368512411,48.48942598187311,30.788590604026844,44.17989417989418,43.95777925531915,1739892682.8742955
hotmailuser_FalconSlerp2-7B,55.822550831792974,54.921020656136086,26.661631419939575,31.963087248322147,44.70899470899471,41.40625,1734962889.0234282
hotmailuser_FalconSlerp3-7B,54.89833641404805,54.868946363478564,27.416918429003022,31.879194630872483,44.97354497354497,41.27327127659575,1734962880.3005667
hotmailuser_Gemma2Crono-27B,66.54343807763401,64.81513626106579,23.716012084592144,37.080536912751676,45.63492063492063,46.32646276595745,1733277733.8892384
hotmailuser_Gemma2atlas-27B,67.65249537892791,65.21437250477348,21.22356495468278,35.57046979865772,44.44444444444444,47.49833776595745,1733111431.4416006
hotmailuser_Llama-Hermes-slerp-8B,26.80221811460259,52.95955563270266,7.552870090634441,29.36241610738255,40.74074074074074,33.31117021276596,1734964530.556243
hotmailuser_LlamaStock-8B,34.750462107208875,53.13313660822774,17.14501510574018,32.718120805369125,41.269841269841265,38.06515957446808,1736346816.7205815
hotmailuser_Qwen2.5-HomerSlerp-7B,38.07763401109057,56.11872938725916,32.62839879154079,31.3758389261745,43.783068783068785,45.48703457446808,1733592331.6724825
hotmailuser_QwenSlerp-14B,65.4343807763401,64.79777816351327,35.49848942598187,38.758389261744966,46.2962962962963,53.99767287234043,1736346455.5651512
hotmailuser_QwenSlerp-7B,39.74121996303142,56.15344558236417,30.664652567975832,31.79530201342282,44.047619047619044,45.08809840425532,1734956402.4335124
hotmailuser_QwenSlerp2-14B,65.4343807763401,64.76306196840827,35.725075528700906,38.08724832214765,48.01587301587302,53.78989361702128,1736345173.1293323
hotmailuser_QwenSparse-7B,7.208872458410351,28.554070473876063,0.0,26.006711409395972,35.58201058201058,11.220079787234043,1736345173.1267047
hotmailuser_QwenStock-1.7B,24.953789279112755,41.60735983336226,8.006042296072508,28.7751677852349,44.047619047619044,29.54621010638298,1736345729.476242
hotmailuser_QwenStock1-14B,61.92236598890942,64.90192674882833,32.779456193353475,38.59060402684564,47.75132275132275,54.16389627659575,1736346271.5372126
huihui-ai_DeepSeek-R1-Distill-Qwen-14B-abliterated-v2,35.304990757855826,34.629404617253954,0.0,27.600671140939596,46.82539682539682,19.148936170212767,1738124858.3201828
iFaz_llama31_8B_en_emo_v4,24.399260628465804,49.03662558583579,8.836858006042297,29.697986577181208,36.37566137566138,30.48537234042553,1740768852.6286402
iFaz_llama32_1B_en_emo_v1,36.96857670979667,33.466412081235895,1.812688821752266,25.0,34.78835978835979,17.611369680851062,1736867052.5042653
iFaz_llama32_3B_en_emo_2000_stp,69.31608133086876,45.061621246311404,15.332326283987916,28.355704697986578,35.18518518518518,30.975731382978722,1741348023.1769593
iFaz_llama32_3B_en_emo_300_stp,67.65249537892791,44.801249783023785,16.012084592145015,27.432885906040266,36.11111111111111,31.482712765957448,1741341105.5628626
iFaz_llama32_3B_en_emo_5000_stp,65.98890942698706,45.460857490019094,12.915407854984895,27.936241610738254,34.39153439153439,30.668218085106385,1741437307.9474986
iFaz_llama32_3B_en_emo_v3,51.75600739371534,42.83978475959035,6.797583081570997,26.76174496644295,35.44973544973545,27.102726063829785,1740720764.2635295
ifable_gemma-2-Ifable-9B,27.911275415896487,58.63565353237286,8.91238670694864,34.144295302013425,40.476190476190474,42.262300531914896,1727446822.9463854
jayasuryajsk_Qwen2.5-3B-reasoner,34.750462107208875,46.25932997743447,20.84592145015106,30.201342281879196,41.13756613756614,34.82380319148936,1739903763.4076557
jebish7_Llama-3-Nanda-10B-Chat,22.36598890942699,49.38378753688596,5.589123867069486,30.11744966442953,43.51851851851852,31.565824468085108,1739892973.1392002
jebish7_Llama-3.1-8B-Instruct,43.253234750462106,50.84186773129665,15.256797583081571,32.13087248322148,39.94708994708995,37.77426861702128,1738842515.2159576
jebish7_gemma-2-9b-it,14.602587800369685,59.32997743447318,4.833836858006042,34.73154362416108,45.5026455026455,41.4311835106383,1738867493.545631
jeffmeloy_Qwen2.5-7B-minperplexity-2,45.4713493530499,54.938378753688596,0.0755287009063444,31.1241610738255,46.164021164021165,43.45910904255319,1733254241.7082632
jeffmeloy_Qwen2.5-7B-nerd-uncensored-v0.9,54.89833641404805,54.55650060753341,25.075528700906347,32.29865771812081,48.148148148148145,43.63364361702128,1731468378.3435373
jeffmeloy_Qwen2.5-7B-nerd-uncensored-v1.0,73.56746765249538,53.93160909564312,0.1510574018126888,29.026845637583893,45.370370370370374,42.536569148936174,1731587170.9474974
jeffmeloy_Qwen2.5-7B-nerd-uncensored-v1.1,61.182994454713494,48.394375976392986,7.401812688821751,28.691275167785236,38.35978835978836,38.49734042553192,1731216079.695268
jeffmeloy_Qwen2.5-7B-nerd-uncensored-v1.2,42.69870609981516,49.123416073598335,10.574018126888216,30.369127516778523,41.66666666666667,39.68583776595745,1731216257.7940288
jeffmeloy_Qwen2.5-7B-nerd-uncensored-v1.3,43.068391866913124,49.97396285367124,11.178247734138973,31.29194630872483,41.7989417989418,40.159574468085104,1731216499.7567692
jeffmeloy_Qwen2.5-7B-nerd-uncensored-v1.5,51.01663585951941,54.99045304634612,22.280966767371602,32.718120805369125,49.735449735449734,44.4813829787234,1732065169.7220669
jeffmeloy_Qwen2.5-7B-olm-v1.2,35.48983364140481,55.09460163166116,27.719033232628398,31.711409395973156,46.82539682539682,43.874667553191486,1735769982.8882568
jeffmeloy_Qwen2.5-7B-olm-v1.3,34.011090573012936,55.05988543655616,29.38066465256798,32.13087248322148,46.95767195767196,44.69747340425532,1737173805.9050202
jeffmeloy_Qwen2.5-7B-olm-v1.5,39.37153419593346,55.250824509633745,28.172205438066467,33.9765100671141,45.370370370370374,43.991023936170215,1740647001.02363
jiangxinyang-shanda_Homer-LLama3-8B,34.750462107208875,51.44940114563445,2.492447129909366,29.697986577181208,40.476190476190474,31.39128989361702,1731231045.2288733
jlzhou_Qwen2.5-3B-Infinity-Instruct-0625,28.465804066543438,47.630619684082625,2.039274924471299,26.929530201342285,39.682539682539684,31.98969414893617,1738943341.369103
johnsutor_Llama-3-8B-Instruct_breadcrumbs-density-0.1-gamma-0.01,35.304990757855826,50.13018573164382,3.7009063444108756,32.21476510067114,46.2962962962963,37.39195478723404,1721643977.66625
johnsutor_Llama-3-8B-Instruct_breadcrumbs-density-0.1-gamma-0.1,35.304990757855826,49.99132095122374,8.534743202416918,30.11744966442953,41.4021164021164,37.24235372340425,1721944495.4576705
johnsutor_Llama-3-8B-Instruct_breadcrumbs-density-0.5-gamma-0.01,26.062846580406656,48.58531504947058,0.0,30.201342281879196,50.92592592592593,33.444148936170215,1721303203.9239998
johnsutor_Llama-3-8B-Instruct_breadcrumbs-density-0.5-gamma-0.1,36.96857670979667,51.189029682346806,6.873111782477341,30.70469798657718,43.91534391534391,36.959773936170215,1721927563.0326395
johnsutor_Llama-3-8B-Instruct_breadcrumbs-density-0.7-gamma-0.01,21.996303142329023,48.307585488630444,0.0,29.026845637583893,51.587301587301596,32.95378989361702,1721644493.9074957
johnsutor_Llama-3-8B-Instruct_breadcrumbs-density-0.7-gamma-0.1,36.04436229205176,51.32789446276688,6.042296072507553,30.788590604026844,43.25396825396825,36.627327127659576,1721643375.6196554
johnsutor_Llama-3-8B-Instruct_breadcrumbs_ties-density-0.1-gamma-0.01,35.85951940850277,50.18226002430134,4.305135951661631,31.04026845637584,45.23809523809524,37.624667553191486,1721643177.0331695
johnsutor_Llama-3-8B-Instruct_breadcrumbs_ties-density-0.5-gamma-0.01,27.35674676524954,49.54001041485853,1.0574018126888218,29.697986577181208,49.074074074074076,35.31416223404255,1721970083.4569159
johnsutor_Llama-3-8B-Instruct_breadcrumbs_ties-density-0.5-gamma-0.1,33.271719038817004,51.1543134872418,6.873111782477341,29.53020134228188,43.51851851851852,36.6938164893617,1721926321.5628908
johnsutor_Llama-3-8B-Instruct_breadcrumbs_ties-density-0.7-gamma-0.01,21.626617375231053,49.366429439333444,0.5287009063444109,29.949664429530205,49.86772486772487,34.89860372340425,1721942103.0297143
johnsutor_Llama-3-8B-Instruct_breadcrumbs_ties-density-0.9-gamma-0.01,21.811460258780038,48.88040270786322,0.0,30.033557046979865,49.735449735449734,34.54122340425532,1721939682.1089306
johnsutor_Llama-3-8B-Instruct_breadcrumbs_ties-density-0.9-gamma-0.1,34.56561922365989,51.20638777989932,6.948640483383686,29.697986577181208,43.12169312169312,36.24501329787234,1721644849.5728033
johnsutor_Llama-3-8B-Instruct_linear,36.04436229205176,50.19961812185384,9.06344410876133,29.53020134228188,40.87301587301587,37.117686170212764,1721971021.0347133
johnsutor_Llama-3-8B-Instruct_ties-density-0.1,33.64140480591497,49.99132095122374,7.099697885196375,28.859060402684566,41.66666666666667,36.003989361702125,1721964748.876782
johnsutor_Llama-3-8B-Instruct_ties-density-0.7,29.02033271719039,47.09251865995487,5.740181268882175,30.956375838926174,38.75661375661375,31.524268617021278,1721963175.0386622
kayfour_T3Q-Qwen2.5-7B-it-KOR-Safe,55.08317929759704,55.268182607186255,37.61329305135951,32.13087248322148,42.72486772486773,44.63929521276596,1740437144.6480236
keeeeenw_MicroLlama,14.048059149722736,29.838569692761673,0.0,26.090604026845636,36.904761904761905,11.377992021276597,1726459513.7077248
kevin009_llamaRAGdrama,19.593345656192238,39.80211768790141,3.3987915407854987,26.426174496644293,43.12169312169312,27.235704787234045,1723511773.211319
khoantap_llama-3-8b-stock-merge,40.48059149722736,51.55354973094949,16.012084592145015,31.79530201342282,39.41798941798942,37.99867021276596,1737490389.68976
khoantap_llama-linear-0.5-0.5-1-merge,40.85027726432532,56.41381704565179,20.166163141993955,30.70469798657718,41.4021164021164,38.3311170212766,1737474775.5283647
khoantap_llama-linear-0.5-1-0.5-merge,43.438077634011094,59.52091650755077,14.72809667673716,29.36241610738255,41.66666666666667,36.90159574468085,1737476753.5462568
khoantap_llama-slerp-merge,42.883548983364136,57.680958166984894,8.157099697885197,30.285234899328863,40.476190476190474,36.77692819148936,1737476812.727463
khulaifi95_Llama-3.1-8B-Reason-Blend-888k,52.12569316081331,47.94306544002777,11.178247734138973,27.936241610738254,33.730158730158735,31.00066489361702,1735284857.380323
kms7530_chemeng_llama-3-8b-Instruct-bnb-4bit_24_1_100_1,48.428835489833645,42.80506856448533,3.096676737160121,27.01342281879195,38.095238095238095,27.98371010638298,1728970013.7810643
kms7530_chemeng_qwen-math-7b_24_1_100_1_nonmath,19.77818853974122,38.534976566568304,28.625377643504528,29.026845637583893,40.74074074074074,24.517952127659576,1732239326.3428235
langgptai_Qwen-las-v0.1,27.171903881700555,38.67384134698837,1.9637462235649545,24.664429530201343,36.904761904761905,23.25465425531915,1726285811.8381963
langgptai_qwen1.5-7b-chat-sa-v0.1,37.15341959334565,42.961291442457906,3.0211480362537766,31.20805369127517,35.44973544973545,29.928523936170215,1726285345.8539433
lars1234_Mistral-Small-24B-Instruct-2501-writer,60.44362292051756,67.14112133310189,35.57401812688822,38.92617449664429,46.42857142857143,54.47972074468085,1741342884.6542614
lemon07r_Gemma-2-Ataraxy-9B,28.280961182994456,59.24318694671064,0.8308157099697886,33.47315436241611,44.17989417989418,42.262300531914896,1725323243.5750504
lemon07r_Gemma-2-Ataraxy-Advanced-9B,49.16820702402958,58.84395070300295,0.1510574018126888,33.557046979865774,37.56613756613756,42.43683510638298,1727836855.414085
lemon07r_Gemma-2-Ataraxy-v3j-9B,35.304990757855826,56.34438465544176,0.0755287009063444,32.802013422818796,31.746031746031743,41.339760638297875,1728467747.7232559
lemon07r_Gemma-2-Ataraxy-v4-Advanced-9B,65.24953789279112,60.18052421454608,6.117824773413897,33.89261744966443,45.767195767195766,43.66688829787234,1729008786.1857393
lemon07r_Gemma-2-Ataraxy-v4b-9B,63.58595194085028,60.31938899496615,8.836858006042297,34.060402684563755,45.5026455026455,43.56715425531915,1729704632.5612879
lemon07r_Gemma-2-Ataraxy-v4c-9B,64.32532347504622,60.78805762888388,17.97583081570997,33.38926174496644,45.23809523809524,43.94946808510639,1729099862.8626873
lemon07r_Llama-3-RedMagic4-8B,41.40480591497228,42.110744662385,8.308157099697885,29.026845637583893,37.56613756613756,36.760305851063826,1721912280.8069432
lemon07r_llama-3-NeuralMahou-8b,42.14417744916821,41.34698837007464,9.516616314199396,28.859060402684566,38.62433862433862,36.90159574468085,1723537311.28037
lightblue_suzume-llama-3-8B-multilingual,61.737523105360445,49.27963895157091,7.854984894259818,28.355704697986578,39.682539682539684,33.834773936170215,1723457311.510196
lightblue_suzume-llama-3-8B-multilingual-orpo-borda-half,57.116451016635864,46.83214719666724,7.7039274924471295,24.496644295302016,35.05291005291005,36.13696808510639,1721914961.570757
lightblue_suzume-llama-3-8B-multilingual-orpo-borda-top25,62.10720887245841,48.429092171498006,8.534743202416918,27.265100671140942,35.58201058201058,36.843417553191486,1721915143.258489
lkoenig_BBAI_200_Gemma,4.990757855822551,34.178094080888734,0.0,26.677852348993287,36.24338624338625,16.788563829787233,1740647762.771741
lkoenig_BBAI_456_QwenKoen,37.707948243992604,55.30289880229127,36.85800604229607,31.29194630872483,43.91534391534391,44.68916223404255,1740844375.597627
lkoenig_BBAI_7B_KoenQwenDyan,51.75600739371534,55.07724353410867,37.38670694864049,31.79530201342282,43.65079365079365,44.597739361702125,1741462519.5928342
lkoenig_BBAI_7B_Qwen2.5koen,39.00184842883549,55.18139211942371,36.5558912386707,31.29194630872483,43.65079365079365,44.847074468085104,1740847009.0630636
lkoenig_BBAI_7B_QwenDyanKoenLo,39.186691312384475,55.3723311925013,36.40483383685801,31.879194630872483,43.386243386243386,44.64760638297872,1741462279.9063015
llmat_Mistral-v0.3-7B-ORPO,30.683918669131238,39.697969102586356,0.5287009063444109,26.677852348993287,35.44973544973545,22.78091755319149,1723464800.62046
magnifi_Phi3_intent_v56_3_w_unknown_5_lr_0.002,13.863216266173753,32.407568130532894,0.0,26.426174496644293,41.13756613756614,14.71908244680851,1741641929.453287
maldv_badger-lambda-llama-3-8b,41.21996303142329,49.470578024648496,8.308157099697885,28.187919463087248,37.43386243386244,37.66622340425532,1721337877.312907
marcuscedricridia_Hush-Qwen2.5-7B-MST,71.34935304990758,54.209338656483254,42.44712990936556,30.369127516778523,39.021164021164026,41.63065159574468,1741520138.3288815
marcuscedricridia_Hush-Qwen2.5-7B-MST-v1.3,65.80406654343808,54.851588265926054,47.583081570996974,31.45973154362416,42.98941798941799,44.39827127659575,1741523022.3973212
marcuscedricridia_Hush-Qwen2.5-7B-Preview,76.15526802218115,54.01839958340566,37.53776435045317,31.1241610738255,42.857142857142854,43.64195478723404,1741312041.37133
marcuscedricridia_Hush-Qwen2.5-7B-RP-v1.4-1M,73.38262476894639,52.838048949835105,33.68580060422961,29.86577181208054,44.17989417989418,41.34807180851064,1741631199.225618
marcuscedricridia_Hush-Qwen2.5-7B-v1.1,75.41589648798521,53.56708904704044,43.80664652567976,31.62751677852349,41.66666666666667,42.27061170212766,1741442351.8571568
marcuscedricridia_Hush-Qwen2.5-7B-v1.3,75.23105360443623,52.97691373025516,33.23262839879154,31.20805369127517,42.32804232804233,43.450797872340424,1741458487.7041898
marcuscedricridia_Qwen2.5-7B-Preview,73.01293900184844,53.41086616906787,34.44108761329305,32.38255033557047,41.269841269841265,42.578125,1741532080.938543
marcuscedricridia_Yell-Qwen2.5-7B-Preview-v1.1,52.31053604436229,53.34143377885784,18.957703927492446,28.60738255033557,40.476190476190474,38.31449468085106,1741422318.9046264
mattshumer_Reflection-Llama-3.1-70B,0.18484288354898337,64.43325811491061,12.084592145015106,36.3255033557047,45.63492063492063,49.55119680851064,1725882122.8267407
meditsolutions_Llama-3.2-SUN-1B-chat,47.504621072088725,35.08071515361916,4.758308157099698,26.090604026845636,32.93650793650794,18.99933510638298,1730914663.9797804
meditsolutions_Llama-3.2-SUN-2.4B-checkpoint-34800,18.484288354898336,31.34872417982989,0.1510574018126888,28.60738255033557,40.21164021164021,13.572140957446807,1728134374.904334
meditsolutions_Llama-3.2-SUN-2.5B-chat,50.09242144177449,35.49730949487936,1.283987915407855,25.922818791946305,31.48148148148148,18.13497340425532,1730005946.117623
meta-llama_Llama-2-13b-hf,18.11460258780037,41.13869119944454,1.0574018126888218,28.104026845637588,35.317460317460316,23.778257978723406,1718621497.0864017
meta-llama_Llama-2-70b-chat-hf,44.36229205175601,30.220447838916854,0.906344410876133,26.426174496644293,36.77248677248677,24.32679521276596,1718562579.288075
meta-llama_Llama-2-70b-hf,17.56007393715342,54.608574900190945,2.492447129909366,30.285234899328863,41.13756613756614,37.175864361702125,1718562884.521261
meta-llama_Llama-2-7b-chat-hf,32.90203327171904,30.845339350807148,0.6797583081570997,25.419463087248324,36.77248677248677,16.7719414893617,1718638586.161501
meta-llama_Llama-3.1-70B,10.905730129390019,62.71480645721229,16.691842900302113,38.758389261744966,45.63492063492063,46.54255319148936,1721301876.754597
meta-llama_Llama-3.1-70B-Instruct,81.51571164510166,67.9916681131748,2.719033232628399,31.62751677852349,45.370370370370374,53.37433510638297,1721387009.2515945
meta-llama_Llama-3.1-8B-Instruct,41.95933456561922,50.77243534108662,15.407854984894257,31.543624161073826,39.682539682539684,37.982047872340424,1738833729.046033
meta-llama_Llama-3.2-1B,11.090573012939002,30.897413643464677,0.22658610271903326,22.818791946308725,34.39153439153439,12.034574468085106,1727083747.788915
meta-llama_Llama-3.2-3B-Instruct,69.87060998151571,45.460857490019094,13.51963746223565,26.34228187919463,35.714285714285715,31.549202127659576,1727083755.849737
meta-llama_Meta-Llama-3-70B,10.720887245841034,64.6589133830932,16.540785498489427,39.76510067114094,45.10582010582011,47.09109042553192,1718562879.2772443
meta-llama_Meta-Llama-3-70B-Instruct,77.44916820702403,65.24908869987848,23.338368580060422,28.691275167785236,41.4021164021164,52.06948138297872,1718741927.6135406
meta-llama_Meta-Llama-3-8B-Instruct,69.87060998151571,49.71359139038361,8.685800604229607,25.922818791946305,35.58201058201058,36.643949468085104,1718621627.502436
microsoft_Phi-3-medium-128k-instruct,55.45286506469501,63.61742752994272,16.1631419939577,33.64093959731543,41.13756613756614,47.116023936170215,1725257706.6680596
microsoft_Phi-3-medium-4k-instruct,59.14972273567468,63.8083666030203,16.993957703927492,33.64093959731543,42.46031746031746,46.75864361702128,1718617272.9438472
microsoft_Phi-3-mini-128k-instruct,54.89833641404805,55.59798646068391,8.91238670694864,31.79530201342282,39.285714285714285,37.34208776595745,1719241724.9486945
microsoft_Phi-4-mini-instruct,69.50092421441775,56.674188508939416,16.993957703927492,30.956375838926174,38.62433862433862,39.32014627659575,1740744503.1004798
microsoft_phi-1,15.341959334565619,31.123068911647284,0.6797583081570997,26.51006711409396,35.18518518518518,11.619015957446809,1718974309.1070936
microsoft_phi-1_5,13.67837338262477,33.31018920326333,1.1329305135951662,26.76174496644295,33.99470899470899,16.913231382978726,1718620366.2571666
microsoft_phi-4,3.8817005545286505,66.86339177226176,27.870090634441087,40.100671140939596,50.264550264550266,52.95046542553191,1736352416.7121465
migtissera_Tess-3-Mistral-Nemo-12B,27.171903881700555,48.8456865127582,4.682779456193353,25.083892617449667,44.44444444444444,25.648271276595747,1725360416.127168
minghaowu_Qwen1.5-1.8B-OpenHermes-2.5,21.626617375231053,33.53584447144593,0.22658610271903326,28.355704697986578,35.18518518518518,17.918882978723406,1726665051.9394245
mistral-community_Mixtral-8x22B-v0.1,21.0,38.0,15.428571428571427,33.0,35.333333333333336,36.0,1718290977.932325
mistralai_Codestral-22B-v0.1,52.12569316081331,50.876583926401665,8.761329305135952,29.86577181208054,41.7989417989418,31.55751329787234,1727520597.471162
mistralai_Mistral-7B-Instruct-v0.1,39.92606284658041,37.63235549383788,1.5105740181268883,24.161073825503358,38.095238095238095,23.8031914893617,1718614437.1215265
mistralai_Mistral-7B-Instruct-v0.3,49.35304990757856,47.00572817219233,3.1722054380664653,27.936241610738254,37.301587301587304,30.751329787234045,1718633806.7867453
mistralai_Mistral-7B-v0.3,,45.113695538968926,,,,,1718553418.658896
mistralai_Mistral-Large-Instruct-2411,80.96118299445472,67.00225655268183,1.1329305135951662,43.70805369127517,45.23809523809524,55.618351063829785,1732042945.4445584
mistralai_Mistral-Nemo-Instruct-2407,57.116451016635864,48.758896024995664,0.3021148036253776,31.543624161073826,39.021164021164026,33.73503989361702,1721386353.9702477
mistralai_Mistral-Small-Instruct-2409,62.292051756007396,51.570907828502,14.350453172205437,32.38255033557047,36.24338624338625,39.602726063829785,1726737005.966277
mistralai_Mixtral-8x22B-Instruct-v0.1,67.65249537892791,61.10050338482902,18.731117824773413,37.332214765100666,42.98941798941799,44.830452127659576,1719302755.9267557
mistralai_Mixtral-8x22B-v0.1,19.038817005545287,62.33292831105711,16.842900302114806,37.58389261744966,40.34391534391534,46.392952127659576,1719145242.7262292
mistralai_Mixtral-8x7B-v0.1,17.744916820702404,50.32112480472141,8.836858006042297,31.963087248322147,43.12169312169312,38.347739361702125,1718615082.8400695
mkurman_llama-3.2-MEDIT-3B-o1,37.15341959334565,44.020135393160906,11.933534743202417,26.593959731543627,35.58201058201058,27.410239361702125,1736295462.477625
mkurman_phi-4-MedIT-11B-exp-1,53.60443622920518,53.879534802985596,7.250755287009064,30.11744966442953,38.35978835978836,38.24800531914894,1736798089.125494
mkxu_llama-3-8b-po1,34.380776340110906,49.435861829543484,7.02416918429003,29.697986577181208,37.96296296296296,35.621675531914896,1732948518.520075
mlabonne_BigQwen2.5-52B-Instruct,75.41589648798521,70.89047040444368,17.82477341389728,30.201342281879196,41.00529100529101,55.19448138297872,1727545590.251155
mlabonne_ChimeraLlama-3-8B-v2,37.33826247689464,50.35584099982642,8.308157099697885,28.523489932885905,37.83068783068783,35.68816489361702,1725283885.5252538
mlabonne_OrpoLlama-3-8B,30.129390018484287,43.968061100503384,3.8519637462235647,27.936241610738254,35.714285714285715,27.05285904255319,1718615341.007436
mlabonne_phixtral-2x2_8,28.09611829944547,48.77625412254817,2.56797583081571,26.51006711409396,36.37566137566138,25.506981382978722,1718615195.4498785
mlx-community_Josiefied-Qwen2.5-0.5B-Instruct-abliterated-v1-float32,28.650646950092423,32.82416247179309,1.0574018126888218,25.75503355704698,32.407407407407405,16.3813164893617,1736307519.9237225
mlx-community_Mistral-Small-24B-Instruct-2501-bf16,57.67097966728281,66.9501822600243,29.531722054380666,39.51342281879195,46.164021164021165,53.94780585106383,1738906759.7199724
mmnga_Llama-3-70B-japanese-suzume-vector-v0.1,39.74121996303142,65.19701440722096,24.244712990936556,28.60738255033557,41.269841269841265,52.24401595744681,1727531482.1545186
mobiuslabsgmbh_DeepSeek-R1-ReDistill-Llama3-8B-v1.1,30.31423290203327,34.3169588613088,32.85498489425982,27.097315436241608,33.86243386243386,21.98304521276596,1739896332.2506378
mobiuslabsgmbh_DeepSeek-R1-ReDistill-Qwen-7B-v1.1,28.09611829944547,36.69501822600243,34.96978851963746,26.51006711409396,39.94708994708995,23.262965425531913,1739899251.6168525
monsterapi_Llama-3_1-8B-Instruct-orca-ORPO,16.081330868761555,28.328415205693457,0.0,24.916107382550333,34.39153439153439,11.67719414893617,1726268237.0621378
monsterapi_gemma-2-2b-LoRA-MonsterInstruct,33.08687615526802,36.2263495920847,0.9818731117824773,27.01342281879195,36.37566137566138,19.872007978723406,1723525983.744716
mukaj_Llama-3.1-Hawkish-8B,62.10720887245841,48.6373893421281,4.45619335347432,29.026845637583893,39.55026455026455,33.31117021276596,1734508290.9865167
natong19_Mistral-Nemo-Instruct-2407-abliterated,58.78003696857671,50.164901926748826,5.664652567975831,28.691275167785236,40.21164021164021,35.1811835106383,1727104454.4504292
natong19_Qwen2-7B-Instruct-abliterated,53.789279112754166,55.1466759243187,10.27190332326284,30.11744966442953,40.21164021164021,38.42253989361702,1722320740.3475232
nazimali_Mistral-Nemo-Kurdish-Instruct,44.36229205175601,46.74535670890471,0.4531722054380665,28.27181208053691,39.682539682539684,30.626662234042552,1729012613.7495542
nbeerbower_Dumpling-Qwen2.5-1.5B,31.053604436229204,41.19076549210207,6.117824773413897,26.845637583892618,37.16931216931217,27.71775265957447,1738158004.5998764
nbeerbower_Dumpling-Qwen2.5-14B,55.45286506469501,64.25967713938552,30.966767371601208,30.11744966442953,43.386243386243386,51.70378989361703,1739974974.8909645
nbeerbower_Gemma2-Gutenberg-Doppel-9B,67.28280961182995,58.58357923971532,3.474320241691843,32.969798657718115,46.03174603174603,41.27327127659575,1727830416.9804983
nbeerbower_Gutensuppe-mistral-nemo-12B,24.029574861367838,54.59121680263843,11.027190332326283,33.7248322147651,42.857142857142854,36.80186170212766,1725365604.48553
nbeerbower_Hermes2-Gutenberg2-Mistral-7B,29.944547134935306,49.487936122201006,5.664652567975831,28.942953020134226,46.164021164021165,29.928523936170215,1727830779.6891718
nbeerbower_Llama-3.1-Nemotron-lorablated-70B,66.91312384473198,63.721576115257776,23.338368580060422,25.671140939597315,44.17989417989418,49.11070478723404,1729242810.5841138
nbeerbower_Mahou-1.5-mistral-nemo-12B-lorablated,63.95563770794824,54.59121680263843,5.287009063444108,27.936241610738254,45.10582010582011,35.73803191489361,1729343990.7121372
nbeerbower_Mistral-Gutenberg-Doppel-7B-FFT,51.386321626617374,40.704738760631834,2.492447129909366,28.355704697986578,40.476190476190474,27.28557180851064,1732059676.2227197
nbeerbower_Mistral-Nemo-Moderne-12B-FFT-experimental,27.35674676524954,51.97014407220969,2.0392749244712993,28.104026845637588,37.03703703703704,34.54953457446808,1732628014.9978359
nbeerbower_Mistral-Nemo-Prism-12B,64.14048059149722,54.41763582711335,5.211480362537765,30.788590604026844,46.164021164021165,35.812832446808514,1731420619.8065267
nbeerbower_Mistral-Nemo-Prism-12B-v2,65.61922365988909,54.539142509980906,5.740181268882175,30.536912751677853,45.8994708994709,35.671542553191486,1732627492.307511
nbeerbower_Mistral-Small-Drummer-22B,58.04066543438078,57.75039055719493,16.691842900302113,34.31208053691275,40.60846560846561,40.949135638297875,1727830805.5839608
nbeerbower_Mistral-Small-Gutenberg-Doppel-22B,43.068391866913124,58.35792397153272,19.486404833836858,34.64765100671141,39.682539682539684,41.24002659574468,1727266613.8402028
nbeerbower_Qwen2.5-Gutenberg-Doppel-14B,78.00369685767097,63.652143725047736,0.0,33.30536912751678,40.87301587301587,49.210438829787236,1731336046.6137292
nbeerbower_Stella-mistral-nemo-12B-v2,27.35674676524954,54.59121680263843,10.42296072507553,33.22147651006711,42.98941798941799,36.843417553191486,1726333658.8528395
nbeerbower_gemma2-gutenberg-27B,24.76894639556377,37.840652664467974,0.0,27.265100671140942,37.16931216931217,19.822140957446805,1727638753.2376535
nbeerbower_gemma2-gutenberg-9B,26.062846580406656,59.3820517271307,1.4350453172205437,33.808724832214764,45.8994708994709,41.921542553191486,1723495203.70215
nbeerbower_mistral-nemo-cc-12B,10.720887245841034,53.844818607880576,1.812688821752266,31.543624161073826,44.17989417989418,35.979055851063826,1726333515.250143
nbeerbower_mistral-nemo-gutenberg-12B-v3,18.11460258780037,54.29612914424579,4.607250755287009,31.45973154362416,44.44444444444444,36.44448138297872,1725361165.7446377
nbeerbower_mistral-nemo-gutenberg2-12B-test,29.20517560073937,52.334664120812356,10.196374622356496,31.711409395973156,41.53439153439153,35.546875,1727226206.6208065
nbeerbower_mistral-nemo-kartoffel-12B,66.17375231053605,54.46971011977087,5.438066465256798,30.453020134228186,46.42857142857143,35.846077127659576,1736800340.4338493
nbeerbower_mistral-nemo-wissenschaft-12B,60.258780036968574,50.09546953653879,6.570996978851963,29.278523489932883,41.66666666666667,35.32247340425532,1725312130.9133232
necva_IE-cont-Llama3.1-8B,14.602587800369685,28.762367644506163,0.0,26.006711409395972,35.714285714285715,11.668882978723403,1741245935.7632635
neopolita_jessi-v0.1-bf16-falcon3-7b-instruct,71.1645101663586,54.78215587571602,34.44108761329305,30.285234899328863,48.148148148148145,39.23703457446808,1736336647.8123689
neopolita_jessi-v0.1-qwen2.5-7b-instruct,56.56192236598891,53.98368338830064,25.528700906344408,32.969798657718115,42.857142857142854,43.118351063829785,1736347960.5914445
neopolita_jessi-v0.2-falcon3-10b-instruct,74.3068391866913,61.812185384481865,20.241691842900302,32.88590604026846,42.72486772486773,43.54222074468085,1737500600.4916801
neopolita_jessi-v0.2-falcon3-7b-instruct,51.386321626617374,53.098420413122724,18.65558912386707,31.711409395973156,44.70899470899471,39.045877659574465,1736369084.0410726
netcat420_DeepSeek-R1-MFANN-TIES-unretrained-7b,19.963031423290204,30.60232598507204,0.7552870090634441,25.503355704697988,35.18518518518518,11.45279255319149,1737517713.3826048
netcat420_MFANN-Llama3.1-Abliterated-SLERP-TIES-V3,35.12014787430684,49.0539836833883,7.552870090634441,29.697986577181208,37.301587301587304,34.89860372340425,1732607465.1389182
netcat420_MFANN-Llama3.1-Abliterated-Slerp-TIES,36.22920517560074,49.62680090262107,5.966767371601208,29.194630872483224,36.77248677248677,35.31416223404255,1730215041.7420056
netcat420_MFANN-Llama3.1-Abliterated-Slerp-V3.2,33.64140480591497,49.6962332928311,6.193353474320242,28.7751677852349,37.43386243386244,35.27260638297872,1730217865.1694512
netcat420_MFANN-llama3.1-abliterated-v2,36.78373382624769,49.34907134178094,6.570996978851963,29.278523489932883,38.35978835978836,34.90691489361702,1728336063.606562
netcat420_MFANN-phigments-slerp-V3.3,29.57486136783734,48.58531504947058,2.56797583081571,27.516778523489933,38.88888888888889,28.02526595744681,1738934417.4974265
netcat420_Qwen2.5-Coder-Scholar-7B-Abliterated-MFANN,52.495378927911275,50.251692414511375,6.495468277945619,29.278523489932883,40.476190476190474,31.565824468085108,1735712010.4312825
netcat420_Qwen2.5-DeepSeek-R1-MFANN-Slerp-7b,21.256931608133087,37.59763929873286,0.22658610271903326,23.23825503355705,35.18518518518518,16.7719414893617,1737643510.0397427
netcat420_qwen2.5-MFANN-7b-SLERPv1.1,61.737523105360445,50.32112480472141,15.93655589123867,29.026845637583893,41.13756613756614,34.48304521276596,1738703111.4662075
newsbang_Homer-v1.0-Qwen2.5-72B,72.45841035120148,72.92136781808713,48.338368580060425,41.61073825503356,46.69312169312169,61.45279255319149,1735180111.9442723
newsbang_Homer-v1.0-Qwen2.5-7B,59.14972273567468,56.292310362784235,30.362537764350456,32.21476510067114,42.72486772486773,45.34574468085106,1733301700.5082748
nhyha_N3N_gemma-2-9b-it_20241110_2026,57.67097966728281,58.58357923971532,13.821752265861026,33.64093959731543,40.60846560846561,40.20113031914894,1731395621.974161
nhyha_merge_Qwen2.5-7B-Instruct_20241023_0314,50.46210720887245,55.3723311925013,21.978851963746223,32.13087248322148,42.46031746031746,45.42054521276596,1730915098.5542605
nisten_franqwenstein-35b,31.608133086876155,66.1169935775039,30.28700906344411,40.35234899328859,49.338624338624335,57.30551861702128,1728110690.5616658
nisten_tqwendo-36b,62.292051756007396,64.17288665162299,39.35045317220544,33.13758389261745,44.17989417989418,43.80817819148936,1734889361.8834212
nlpguy_Mistral-NeMo-Minitron-Upscale-v3,9.057301293900185,30.220447838916854,0.0,25.922818791946305,40.87301587301587,11.710438829787234,1728109237.813468
noname0202_gemma-2-2b-it-ties,11.645101663585953,41.67679222357229,0.1510574018126888,27.01342281879195,39.15343915343915,25.606715425531917,1738125452.9878218
noname0202_gemma-2-9b-sft-jp-en-zh-v1,24.029574861367838,45.13105363652144,2.643504531722054,30.70469798657718,40.74074074074074,31.25,1736309141.0855055
noname0202_gemma-2-9b-sft-jp-en-zh-v2,33.826247689463955,44.87068217323381,2.56797583081571,28.7751677852349,36.11111111111111,36.75199468085106,1736281527.1804523
noname0202_llama-math-1b-r16-0to512tokens-test,48.24399260628466,34.629404617253954,6.646525679758309,26.677852348993287,31.349206349206348,17.278922872340424,1737766498.556555
noname0202_llama-math-1b-r32-0to512tokens-test,50.46210720887245,34.664120812358966,6.722054380664652,26.51006711409396,32.01058201058201,17.6030585106383,1737737414.6233807
noname0202_llama-math-1b-r32-test,51.75600739371534,34.64676271480646,6.268882175226587,26.174496644295303,31.48148148148148,17.810837765957448,1737683768.9189522
notbdq_Qwen2.5-14B-Instruct-1M-GRPO-Reasoning,81.70055452865064,61.777469189376845,0.6797583081570997,34.31208053691275,41.66666666666667,48.49567819148936,1738809853.4081595
nvidia_Mistral-NeMo-Minitron-8B-Base,13.493530499075785,52.59503558409998,4.305135951661631,31.45973154362416,41.4021164021164,37.824135638297875,1724332063.61331
oopere_Llama-FinSent-S,15.157116451016636,31.314007984724874,1.812688821752266,25.671140939597315,38.22751322751323,11.303191489361703,1739909295.0060532
oopere_pruned20-llama-1b,13.493530499075785,30.029508765839264,0.3021148036253776,25.0,36.24338624338625,11.228390957446809,1731928980.4009256
oopere_pruned20-llama-3.2-3b,12.754158964879853,32.35549383787537,0.5287009063444109,26.593959731543627,34.12698412698413,12.799202127659576,1734489105.6905699
oopere_pruned40-llama-1b,15.711645101663585,29.31782676618643,0.0755287009063444,24.328859060402685,42.72486772486773,10.821143617021276,1732612872.6663563
oopere_pruned40-llama-3.2-1B,15.711645101663585,29.45669154660649,0.8308157099697886,25.419463087248324,43.386243386243386,11.14527925531915,1740416668.4588268
oopere_pruned60-llama-1b,13.308687615526802,29.66498871723659,0.0,24.916107382550333,40.74074074074074,11.727061170212766,1732568752.0054803
orai-nlp_Llama-eus-8B,15.526802218114602,44.106925880923455,4.305135951661631,28.942953020134226,39.15343915343915,30.576795212765955,1727685569.268405
pankajmathur_orca_mini_phi-4,74.67652495378928,68.46033674709253,26.435045317220546,37.41610738255034,46.95767195767196,52.55152925531915,1737514919.1408083
princeton-nlp_Llama-3-8B-ProLong-64k-Base,8.317929759704251,46.918937684429785,5.81570996978852,28.60738255033557,39.15343915343915,32.8623670212766,1726668535.1858275
princeton-nlp_Llama-3-8B-ProLong-64k-Instruct,33.08687615526802,49.71359139038361,5.5135951661631415,27.181208053691275,41.53439153439153,32.13098404255319,1726668518.1862147
princeton-nlp_Llama-3-Base-8B-SFT-DPO,34.380776340110906,46.554417635827114,2.56797583081571,31.04026845637584,38.62433862433862,30.784574468085108,1728276279.2389653
princeton-nlp_Llama-3-Base-8B-SFT-IPO,39.37153419593346,46.78007290400972,1.2084592145015105,29.78187919463087,39.15343915343915,31.15026595744681,1728277410.5566673
princeton-nlp_Llama-3-Base-8B-SFT-KTO,39.37153419593346,46.71064051379969,1.1329305135951662,30.536912751677853,38.35978835978836,30.543550531914892,1728278143.598832
princeton-nlp_Llama-3-Base-8B-SFT-ORPO,39.37153419593346,47.266099635479954,3.927492447129909,31.3758389261745,37.03703703703704,30.826130319148938,1728276940.8911026
princeton-nlp_Llama-3-Base-8B-SFT-RDPO,39.00184842883549,46.43291095295955,3.7009063444108756,30.620805369127517,40.21164021164021,30.144614361702125,1728278398.4958951
princeton-nlp_Llama-3-Base-8B-SFT-RRHF,26.617375231053604,44.99218885610137,2.8700906344410875,30.536912751677853,37.16931216931217,28.88962765957447,1728277818.8241844
princeton-nlp_Llama-3-Base-8B-SFT-SLiC-HF,43.253234750462106,46.936295781982295,4.45619335347432,28.691275167785236,40.87301587301587,30.634973404255316,1728279528.5150418
princeton-nlp_Llama-3-Instruct-8B-CPO-v0.2,70.97966728280961,50.164901926748826,9.894259818731117,26.090604026845636,36.11111111111111,37.0595079787234,1727566757.6140313
princeton-nlp_Llama-3-Instruct-8B-DPO,62.84658040665434,49.78302378059365,3.3232628398791544,27.181208053691275,37.301587301587304,36.652260638297875,1727570817.89788
princeton-nlp_Llama-3-Instruct-8B-RDPO,61.737523105360445,50.234334316958865,2.1148036253776437,28.27181208053691,37.43386243386244,36.07047872340425,1727566859.1138802
princeton-nlp_Llama-3-Instruct-8B-RRHF-v0.2,66.35859519408503,49.8871723659087,7.930513595166164,26.006711409395972,37.301587301587304,34.82380319148936,1728279141.502455
princeton-nlp_Llama-3-Instruct-8B-SimPO,59.33456561922365,48.25551119597292,2.2658610271903323,29.36241610738255,39.41798941798942,34.890292553191486,1727565812.6712008
princeton-nlp_Mistral-7B-Base-SFT-CPO,39.74121996303142,43.63825724700573,2.416918429003021,29.194630872483224,40.60846560846561,26.512632978723406,1728277950.1353505
princeton-nlp_Mistral-7B-Base-SFT-DPO,37.707948243992604,43.11751432043048,1.5861027190332326,27.265100671140942,41.13756613756614,26.454454787234045,1728276645.916687
princeton-nlp_Mistral-7B-Base-SFT-RDPO,39.37153419593346,43.93334490539837,1.9637462235649545,27.768456375838923,35.714285714285715,27.767619680851062,1728278562.470718
princeton-nlp_Mistral-7B-Base-SFT-SLiC-HF,45.4713493530499,44.002777295608404,2.9456193353474323,29.194630872483224,42.592592592592595,27.809175531914892,1728278990.42342
princeton-nlp_Mistral-7B-Base-SFT-SimPO,40.29574861367837,43.7944801249783,0.6042296072507553,28.355704697986578,39.682539682539684,27.019614361702125,1726913128.6519496
princeton-nlp_Mistral-7B-Instruct-DPO,46.21072088724584,40.53115778510675,2.9456193353474323,26.845637583892618,38.22751322751323,27.48503989361702,1728276731.044127
princeton-nlp_Mistral-7B-Instruct-IPO,43.068391866913124,43.15223051553549,1.812688821752266,27.348993288590606,43.12169312169312,27.077792553191486,1728278111.5201328
princeton-nlp_Mistral-7B-Instruct-KTO,42.883548983364136,41.38170456517965,2.3413897280966767,27.348993288590606,39.41798941798942,28.125,1728279011.886808
princeton-nlp_Mistral-7B-Instruct-SLiC-HF,45.4713493530499,40.37493490713418,1.5105740181268883,27.265100671140942,39.021164021164026,27.152593085106385,1729099862.8695388
princeton-nlp_Sheared-LLaMA-1.3B,15.89648798521257,31.817392813747613,0.8308157099697886,23.993288590604024,37.03703703703704,11.710438829787234,1722323589.2314358
princeton-nlp_gemma-2-9b-it-DPO,25.87800369685767,59.32997743447318,0.0,33.557046979865774,38.095238095238095,37.234042553191486,1726798321.5481308
princeton-nlp_gemma-2-9b-it-SimPO,30.683918669131238,58.3232077764277,0.0,33.557046979865774,41.13756613756614,39.752327127659576,1723455447.2895522
prithivMLmods_Galactic-Qwen-14B-Exp2,61.182994454713494,71.93195625759417,34.74320241691843,39.93288590604027,53.43915343915344,56.90658244680851,1741866088.3895583
prithivMLmods_Llama-3.1-8B-Open-SFT,34.011090573012936,49.470578024648496,11.555891238670695,30.956375838926174,39.021164021164026,35.222739361702125,1736799183.8974981
prithivMLmods_Llama-3.2-6B-AlgoCode,14.417744916820702,37.33726783544524,1.0574018126888218,28.69127516778524,40.07936507936508,17.977061170212767,1736797055.275062
prithivMLmods_Llama-Express.1-Math,44.73197781885398,33.36226349592085,5.0604229607250755,26.34228187919463,31.349206349206348,16.09873670212766,1737791783.6321301
prithivMLmods_Magellanic-Qwen-25B-R999,12.754158964879853,25.70734247526471,0.5287009063444109,25.083892617449667,38.22751322751323,12.998670212765958,1741186326.1736195
prithivMLmods_Phi-4-Empathetic,3.6968576709796674,67.05433084533935,25.90634441087613,38.00335570469799,49.86772486772487,50.65658244680851,1736794677.3176413
prithivMLmods_Phi-4-Math-IO,3.8817005545286505,66.4988717236591,9.667673716012084,39.848993288590606,48.67724867724868,52.05285904255319,1736792831.7926662
prithivMLmods_Phi-4-o1,1.478743068391867,66.67245269918418,39.42598187311178,38.25503355704698,49.735449735449734,51.73703457446809,1736761399.644717
prithivMLmods_Phi4-Super,3.512014787430684,67.01961465023433,34.21450151057402,39.42953020134228,50.39682539682539,52.659574468085104,1737643510.2600887
prithivMLmods_Primal-Opus-14B-Optimus-v1,43.068391866913124,64.06873806630793,33.23262839879154,37.24832214765101,48.41269841269841,52.59308510638297,1738719988.1300075
prithivMLmods_Primal-Opus-14B-Optimus-v2,58.41035120147874,65.266446797431,42.06948640483384,39.177852348993284,48.94179894179894,54.222074468085104,1740685727.0256174
prithivMLmods_Qwen2.5-14B-DeepSeek-R1-1M,28.465804066543438,61.360874848116644,40.78549848942598,39.51342281879195,52.64550264550265,49.1938164893617,1738206051.4552975
qingy2019_LLaMa_3.2_3B_Catalysts,43.253234750462106,44.54087831973615,11.10271903323263,28.859060402684566,37.83068783068783,30.078125,1730213804.0061238
qingy2019_OpenMath2-Llama3.1-8B,16.635859519408502,40.722096858184344,4.1540785498489425,26.51006711409396,34.25925925925926,15.533577127659576,1732339013.8772912
qingy2019_Qwen2.5-Ultimate-14B-Instruct,32.71719038817005,58.166984898455134,28.02114803625378,35.65436241610738,41.269841269841265,49.293550531914896,1733269616.0988352
qingy2024_QwEnlarge-16B-Instruct,74.86136783733826,59.191112654053114,45.996978851963746,33.30536912751678,40.87301587301587,44.75565159574468,1741304801.050182
qingy2024_Qwen2.5-4B,15.711645101663585,42.45790661343517,3.3232628398791544,29.110738255033556,46.03174603174603,25.24933510638298,1737058821.0724447
qingy2024_Qwen2.5-Coder-Draft-1.5B-Instruct,35.85951940850277,38.1010241277556,0.5287009063444109,26.006711409395972,35.714285714285715,22.440159574468087,1738387141.0053308
qingy2024_Qwen2.5-Math-14B-Instruct-Preview,74.86136783733826,62.76688074986981,0.0,34.060402684563755,41.00529100529101,49.933510638297875,1733881958.7187624
qingy2024_Qwen2.6-14B-Instruct,52.31053604436229,63.75629231036278,26.73716012084592,37.919463087248324,45.63492063492063,52.85073138297872,1733389949.020365
qq8933_OpenLongCoT-Base-Gemma2-2B,14.602587800369685,30.775906960597116,0.0,26.25838926174497,32.142857142857146,13.15658244680851,1731417881.2085788
rasyosef_Phi-1_5-Instruct-v0.1,18.66913123844732,30.932129838569693,0.0,26.006711409395972,34.12698412698413,15.616688829787234,1723455354.794072
rasyosef_phi-2-instruct-apo,25.508317929759706,44.08956778337094,0.0,27.01342281879195,33.33333333333333,21.550864361702125,1726645946.5307813
recoilme_Gemma-2-Ataraxy-Gemmasutra-9B-slerp,72.64325323475046,59.72921367818087,1.7371601208459215,33.053691275167786,42.32804232804233,42.07114361702128,1726269348.1383462
rhysjones_phi-2-orange-v2,29.390018484288355,47.50911300121506,0.0,26.174496644295303,36.24338624338625,25.324135638297875,1723511313.567536
riaz_FineLlama-3.1-8B,37.707948243992604,45.54764797778164,4.833836858006042,27.516778523489933,37.56613756613756,29.637632978723406,1728760842.3509734
rombodawg_Rombos-Coder-V2.5-Qwen-14b,66.72828096118299,61.53445582364173,27.794561933534744,30.285234899328863,39.021164021164026,39.39494680851064,1738839193.8143518
rombodawg_Rombos-LLM-V2.5-Qwen-0.5b,21.441774491682068,32.806804374240585,2.492447129909366,26.677852348993287,32.27513227513227,18.658577127659576,1727612277.927129
rombodawg_Rombos-LLM-V2.5-Qwen-14b,51.940850277264325,64.6241971879882,15.634441087613293,37.164429530201346,47.08994708994709,53.756648936170215,1727612277.9254432
rombodawg_Rombos-LLM-V2.5-Qwen-32b,63.03142329020333,70.14407220968582,39.12386706948641,39.68120805369127,50.264550264550266,59.15890957446809,1728490995.7870479
rombodawg_Rombos-LLM-V2.5.1-Qwen-3b,19.408502772643253,38.3093212983857,8.308157099697885,27.432885906040266,39.81481481481482,27.194148936170215,1728401146.1248803
rombodawg_rombos_Replete-Coder-Llama3-8B,41.40480591497228,32.75473008158306,2.643504531722054,26.677852348993287,39.55026455026455,13.347739361702127,1729003555.3177
rsh345_mistral-ft-optimized-1218-NeuralHermes-2.5-Mistral-7B,31.79297597042514,51.50147543829197,7.250755287009064,30.285234899328863,46.69312169312169,30.535239361702125,1738017846.2174726
sabersaleh_Llama2-7B-SimPO,11.829944547134936,34.577330324596424,0.7552870090634441,27.097315436241608,39.94708994708995,16.414561170212767,1733111491.4484673
sabersaleh_Llama3,26.247689463955638,47.70005207429266,5.5135951661631415,31.04026845637584,39.285714285714285,31.6156914893617,1732927915.8660612
sabersalehk_Llama3-001-300,25.32347504621072,47.318173928137476,4.682779456193353,29.949664429530205,40.60846560846561,31.58244680851064,1733254791.4018953
sabersalehk_Llama3_01_300,22.36598890942699,46.78007290400972,4.45619335347432,30.788590604026844,40.60846560846561,31.241688829787233,1733254791.085762
sequelbox_Llama3.1-70B-PlumChat,49.35304990757856,67.47092518659954,29.45619335347432,39.177852348993284,47.75132275132275,51.66223404255319,1732702554.3695445
sequelbox_Llama3.1-8B-MOTH,45.65619223659889,48.18607880576289,11.858006042296072,26.929530201342285,35.714285714285715,32.92885638297872,1726087899.2318106
sequelbox_Llama3.1-8B-PlumCode,13.67837338262477,33.43169588613088,2.416918429003021,27.600671140939596,37.698412698412696,23.35438829787234,1728002982.4966047
sequelbox_Llama3.1-8B-PlumMath,15.711645101663585,39.94098246832147,3.927492447129909,31.79530201342282,39.15343915343915,29.753989361702125,1728002982.4874923
sethuiyer_Llama-3.1-8B-Experimental-1208-Instruct,55.45286506469501,49.57472660996355,8.38368580060423,29.61409395973154,37.83068783068783,35.1063829787234,1737218463.4049804
sethuiyer_Llamaverse-3.1-8B-Instruct,56.56192236598891,54.07047387606318,18.429003021148034,29.110738255033556,37.56613756613756,35.231050531914896,1736858668.6462708
sethuiyer_Qwen2.5-7B-Anvita,59.70425138632163,54.33084533935081,15.861027190332328,32.718120805369125,43.25396825396825,41.65558510638298,1730026641.9006588
shastraai_Shastra-LLAMA2-Math-Commonsense-SFT,23.65988909426987,38.1010241277556,1.812688821752266,25.922818791946305,35.978835978835974,19.971742021276594,1730061100.7838428
shivank21_mistral_dpo_self,27.54158964879852,31.90418330151015,1.9637462235649545,24.07718120805369,32.407407407407405,22.14095744680851,1738769444.5764556
siqi00_Mistral-7B-DFT,50.46210720887245,46.45026905051207,3.7764350453172204,30.453020134228186,41.7989417989418,29.62932180851064,1738811432.1645756
skymizer_Llama2-7b-sft-chat-custom-template-dpo,17.56007393715342,36.67766012844992,0.9818731117824773,23.909395973154364,44.17989417989418,19.464760638297875,1721640455.7558951
someon98_qwen-CoMa-0.5b,16.635859519408502,29.248394375976396,0.0,23.993288590604024,40.34391534391534,10.987367021276597,1735487874.0342362
sometimesanotion_Qwen2.5-14B-Vimarckoso-v2,37.707948243992604,65.31852109008852,35.04531722054381,38.25503355704698,48.148148148148145,53.79820478723404,1735211621.626442
sometimesanotion_Qwen2.5-14B-Vimarckoso-v3,68.39186691312385,64.01666377365041,34.44108761329305,38.00335570469799,48.01587301587302,53.43251329787234,1735296692.631472
sometimesanotion_Qwen2.5-14B-Vimarckoso-v3-IF-Variant,58.59519408502772,54.97309494879361,21.299093655589125,34.73154362416108,53.042328042328045,45.88597074468085,1735374253.4057784
sometimesanotion_Qwen2.5-7B-Gordion-v0.1-Prose,48.428835489833645,55.667418850893945,28.92749244712991,32.04697986577181,44.97354497354497,45.25432180851064,1739907206.224732
sometimesanotion_Qwentessential-14B-v1,57.116451016635864,65.35323728519354,40.70996978851964,38.758389261744966,48.67724867724868,53.81482712765957,1739887663.9614885
sometimesanotion_Qwentinuum-14B-v1,43.438077634011094,65.4747439680611,32.40181268882175,38.25503355704698,47.75132275132275,54.09740691489362,1734802151.9489286
sometimesanotion_Qwentinuum-14B-v2,47.13493530499076,65.33587918764103,32.93051359516616,38.84228187919463,47.08994708994709,54.08909574468085,1734829044.0525708
sometimesanotion_Qwentinuum-14B-v6,57.85582255083179,65.266446797431,33.8368580060423,38.6744966442953,48.94179894179894,53.99767287234043,1734872791.7944787
sometimesanotion_Qwentinuum-14B-v7,55.637707948244,65.2838048949835,33.383685800604226,39.09395973154363,48.148148148148145,54.09740691489362,1734889359.4496298
sometimesanotion_Qwentinuum-14B-v8,47.31977818853974,65.17965630966846,34.13897280966767,38.33892617449665,48.67724867724868,54.12234042553191,1734889359.247887
sometimesanotion_Qwenvergence-14B-v0.6-004-model_stock,63.21626617375231,62.35028640860961,31.344410876132933,38.33892617449665,50.264550264550266,51.928191489361694,1735889630.1535375
sometimesanotion_Qwenvergence-14B-v3,43.80776340110906,65.266446797431,34.818731117824775,38.422818791946305,48.80952380952381,53.86469414893617,1734759720.7716734
sometimesanotion_Qwenvergence-14B-v3-Prose,43.438077634011094,64.93664294393334,35.57401812688822,39.51342281879195,49.338624338624335,53.69847074468085,1734751234.6135418
sometimesanotion_Qwenvergence-14B-v3-Reason,47.504621072088725,65.40531157785107,32.40181268882175,38.6744966442953,47.354497354497354,53.94780585106383,1734759539.9446287
sometimesanotion_Qwenvergence-14B-v8,52.68022181146026,65.14494011456344,35.57401812688822,38.08724832214765,47.61904761904761,54.3467420212766,1736986812.159535
sometimesanotion_Qwenvergence-14B-v9,60.258780036968574,61.447665335879186,39.50151057401813,36.828859060402685,51.32275132275132,51.105385638297875,1737123355.1763766
spmurrayzzz_Mistral-Syndicate-7B,19.223659889094268,42.40583232077764,2.416918429003021,27.600671140939596,43.783068783068785,26.31316489361702,1721915948.0778248
ssmits_Qwen2.5-95B-Instruct,81.33086876155268,70.05728172192327,6.042296072507553,36.40939597315436,42.72486772486773,52.16921542553191,1728150246.8789592
suayptalha_DeepSeek-R1-Distill-Llama-3B,66.91312384473198,44.367297344211075,20.921450151057403,26.090604026845636,33.86243386243386,29.778922872340424,1740426212.2595825
suayptalha_Komodo-Llama-3.2-3B-v2-fp16,58.225508317929766,43.39524388127061,6.268882175226587,27.768456375838923,33.99470899470899,28.523936170212767,1732063222.5148473
sumink_Qwenftmodel,10.720887245841034,37.927443152230516,7.7039274924471295,25.671140939597315,36.11111111111111,23.387632978723406,1733399015.5140169
sumink_bbhqwen,11.829944547134936,33.65735115431349,1.0574018126888218,25.75503355704698,43.386243386243386,16.165226063829788,1740517789.8070295
sumink_bbhqwen2,9.796672828096119,30.185731643811835,0.6042296072507553,26.25838926174497,44.17989417989418,11.49434840425532,1740534752.6182897
sumink_bbhqwen4,9.426987060998151,31.90418330151015,0.6042296072507553,24.41275167785235,40.21164021164021,15.093085106382977,1740534820.50775
sumink_bbhqwen5,10.166358595194085,28.6235028640861,0.22658610271903326,26.006711409395972,40.07936507936508,11.311502659574469,1740538683.59429
sumink_bbhqwen6,12.199630314232902,27.304287450095472,0.0755287009063444,25.838926174496645,35.714285714285715,11.527593085106384,1740536963.5590572
synergetic_FrankenQwen2.5-14B,12.56931608133087,60.249956604756115,0.0,27.01342281879195,38.35978835978836,43.816489361702125,1733108099.02383
tangledgroup_tangled-llama-pints-1.5b-v0.1-instruct,9.796672828096119,31.07099461898976,0.0755287009063444,23.993288590604024,37.56613756613756,11.087101063829788,1725348656.9802675
tanliboy_lambda-qwen2.5-14b-dpo-test,79.85212569316081,63.70421801770526,0.0,36.241610738255034,42.46031746031746,48.479055851063826,1727473690.1243331
tanliboy_lambda-qwen2.5-32b-dpo-test,77.26432532347505,67.19319562575942,0.0,35.65436241610738,42.592592592592595,56.565824468085104,1728296621.5575364
tensopolis_falcon3-10b-tensopolis-v1,52.68022181146026,60.249956604756115,20.01510574018127,32.88590604026846,39.021164021164026,43.08510638297872,1738390253.7206712
tensopolis_mistral-small-2501-tensopolis-v1,74.3068391866913,64.43325811491061,44.41087613293052,35.738255033557046,42.72486772486773,44.64760638297872,1739901181.6677055
tensopolis_phi-4-tensopolis-v1,64.14048059149722,68.65127582017011,45.31722054380665,35.151006711409394,40.87301587301587,53.24966755319149,1739888352.0119736
tensopolis_qwen2.5-14b-tensopolis-v1,79.11275415896488,63.30498177399757,2.56797583081571,31.963087248322147,40.476190476190474,47.672872340425535,1738411587.7131748
tensopolis_qwen2.5-7b-tensopolis-v1,70.24029574861368,52.47352890123243,38.14199395770393,29.446308724832214,41.00529100529101,40.6748670212766,1740443020.9549267
theo77186_Qwen2.5-Coder-7B-Instruct-20241106,56.56192236598891,49.800381878146155,3.3987915407854987,29.194630872483224,40.60846560846561,33.527260638297875,1737307689.0102835
theprint_CleverBoi-Llama-3.1-8B-Instruct,11.090573012939002,45.49557368512411,2.416918429003021,30.033557046979865,40.07936507936508,30.751329787234045,1726277452.1064365
theprint_CleverBoi-Llama-3.1-8B-v2,14.048059149722736,46.43291095295955,4.45619335347432,28.60738255033557,37.301587301587304,31.881648936170215,1727103438.1821046
theprint_ReWiz-Llama-3.1-8B-v2,17.005545286506468,46.08574900190939,4.531722054380665,30.285234899328863,38.095238095238095,33.10339095744681,1730914805.7617042
thomas-yanxin_XinYuan-Qwen2-1_5B,22.181146025878004,36.17427529942718,6.117824773413897,27.01342281879195,36.24338624338625,23.570478723404257,1726642776.7878857
tianyil1_MistralForCausalLM_Cal_DPO,47.13493530499076,43.46467627148065,2.8700906344410875,27.600671140939596,39.682539682539684,27.63464095744681,1737798917.9007845
tiiuae_Falcon3-10B-Base,30.868761552680223,59.26054504426315,24.773413897280967,34.56375838926174,43.91534391534391,42.40359042553192,1734036522.411393
tiiuae_Falcon3-1B-Instruct,50.46210720887245,37.18104495747266,1.283987915407855,26.677852348993287,41.7989417989418,18.3843085106383,1734344451.6936746
tiiuae_Falcon3-3B-Base,20.88724584103512,43.91598680784586,11.858006042296072,29.697986577181208,37.43386243386244,28.789893617021278,1734086833.207085
tiiuae_Falcon3-7B-Instruct,72.2735674676525,55.979864606839094,31.87311178247734,31.04026845637584,48.148148148148145,40.87433510638298,1734353528.236732
tiiuae_Falcon3-Mamba-7B-Instruct,67.28280961182995,46.537059538274605,27.26586102719033,30.369127516778523,38.62433862433862,33.69348404255319,1734088196.4241168
tiiuae_falcon-11B,26.617375231053604,43.620899149453216,2.3413897280966767,27.097315436241608,39.81481481481482,23.894614361702125,1718644414.466843
tiiuae_falcon-40b,19.593345656192238,40.09720534629405,1.3595166163141994,27.348993288590606,36.24338624338625,25.049867021276594,1718811824.832476
tiiuae_falcon-mamba-7b,28.465804066543438,42.80506856448533,3.625377643504532,31.04026845637584,42.06349206349206,23.0219414893617,1721727342.201651
tinycompany_ShawtyIsBad-bgem3,20.147874306839185,38.239888908175665,4.833836858006042,30.536912751677853,36.904761904761905,25.831117021276594,1741421332.7090685
tinycompany_ShawtyIsBad-e5-large,18.66913123844732,38.44818607880576,4.531722054380665,30.201342281879196,37.16931216931217,25.689827127659576,1741422069.354124
tinycompany_ShawtyIsBad-nomic1.5,19.223659889094268,38.41346988370075,4.305135951661631,31.1241610738255,36.24338624338625,25.673204787234045,1741454820.110832
tugstugi_Qwen2.5-7B-Instruct-QwQ-v0.1,54.15896487985212,50.859225828849155,14.577039274924472,26.845637583892618,37.83068783068783,40.80784574468085,1737333286.191336
unsloth_Llama-3.2-1B-Instruct-no-system-message,50.64695009242144,35.13278944627668,3.474320241691843,27.265100671140942,33.33333333333333,16.68882978723404,1737689695.149317
unsloth_phi-4-unsloth-bnb-4bit,63.21626617375231,67.69658045478215,20.01510574018127,33.64093959731543,40.21164021164021,52.85904255319149,1736414909.456952
uukuguy_speechless-code-mistral-7b-v1.0,30.499075785582253,45.40878319736157,4.607250755287009,28.439597315436245,44.97354497354497,31.457779255319153,1721650145.5035264
uukuguy_speechless-instruct-mistral-7b-v0.2,26.617375231053604,45.98160041659434,4.380664652567976,28.187919463087248,48.94179894179894,29.022606382978722,1723518546.3151815
uukuguy_speechless-llama2-hermes-orca-platypus-wizardlm-13b,39.55637707948244,48.18607880576289,1.4350453172205437,27.01342281879195,46.42857142857143,25.590093085106385,1723520047.4096181
v000000_Qwen2.5-14B-Gutenberg-1e-Delta,77.44916820702403,63.82572470057282,0.0,32.88590604026846,40.60846560846561,49.30186170212766,1727517872.0197575
v000000_Qwen2.5-Lumen-14B,77.81885397412199,63.721576115257776,0.0,32.802013422818796,41.00529100529101,49.02759308510639,1727833535.4875371
vhab10_Llama-3.1-8B-Base-Instruct-SLERP,21.811460258780038,50.39055719493144,10.498489425981873,29.61409395973154,40.07936507936508,36.21176861702128,1728048649.4220693
vhab10_Llama-3.2-Instruct-3B-TIES,40.110905730129396,43.32581149106058,9.592145015105741,26.929530201342285,34.92063492063492,29.15558510638298,1732364271.7993603
vhab10_llama-3-8b-merged-linear,52.865064695009245,49.19284846380837,7.175226586102719,29.949664429530205,41.7989417989418,37.042885638297875,1727366122.6513147
vicgalle_Configurable-Hermes-2-Pro-Llama-3-8B,51.940850277264325,50.147543829196316,5.966767371601208,29.697986577181208,41.7989417989418,30.975731382978722,1722436902.4297886
vicgalle_Humanish-RP-Llama-3.1-8B,61.92236598890942,50.84186773129665,13.670694864048338,28.691275167785236,39.41798941798942,34.765625,1723484446.6423876
vicgalle_Roleplay-Llama-3-8B,68.94639556377079,49.95660475611873,8.685800604229607,26.090604026845636,35.18518518518518,37.0844414893617,1719561228.3476188
vonjack_Qwen2.5-Coder-0.5B-Merged,24.58410351201479,30.411386911994448,0.0,25.335570469798657,32.93650793650794,12.017952127659575,1732060003.500252
wave-on-discord_qwent-7b,13.67837338262477,42.26696754035758,0.0,26.51006711409396,38.095238095238095,16.03224734042553,1727749314.6726437
weathermanj_Menda-3b-Optim-100,58.78003696857671,47.10987675750738,37.160120845921455,28.942953020134226,39.81481481481482,34.60771276595745,1741643973.0730944
win10_EVA-Norns-Qwen2.5-v0.1,57.48613678373382,50.26905051206387,15.483383685800604,28.523489932885905,40.34391534391534,34.250332446808514,1732057831.2545528
win10_Norns-Qwen2.5-12B,43.622920517560075,45.77330324596424,0.4531722054380665,28.355704697986578,35.44973544973545,26.60405585106383,1732064766.4113955
win10_Norns-Qwen2.5-7B,56.37707948243993,50.28640860961639,15.55891238670695,28.439597315436245,40.74074074074074,34.133976063829785,1732057831.8965664
win10_Qwen2.5-2B-Instruct,16.081330868761555,36.66030203089741,0.1510574018126888,26.76174496644295,43.65079365079365,19.340093085106382,1734736633.484541
wzhouad_gemma-2-9b-it-WPO-HB,48.428835489833645,56.2228779725742,0.0,34.98322147651007,36.64021164021164,33.602061170212764,1736305705.4181395
x0000001_Deepseek-Lumen-R1-Qwen2.5-14B,37.52310536044362,45.58236417288665,0.1510574018126888,28.523489932885905,47.22222222222222,43.791555851063826,1738206048.969779
xinchen9_Llama3.1_8B_Instruct_CoT,24.214417744916823,44.90539836833883,4.607250755287009,30.369127516778523,40.476190476190474,29.837101063829785,1726632823.2937884
xinchen9_Llama3.1_CoT_V1,18.484288354898336,43.7771220274258,1.2084592145015105,27.936241610738254,45.63492063492063,28.050199468085108,1725987981.769615
xinchen9_Mistral-7B-CoT,21.441774491682068,38.500260371463284,1.812688821752266,24.916107382550333,39.81481481481482,22.83909574468085,1726727389.594294
xkp24_Llama-3-8B-Instruct-SPPO-Iter2_gp_2b-table,60.62846580406654,49.366429439333444,5.966767371601208,25.922818791946305,35.84656084656085,37.017952127659576,1727681739.8516898
xkp24_Llama-3-8B-Instruct-SPPO-Iter2_gp_8b-table,61.552680221811464,49.92188856101371,6.948640483383686,25.922818791946305,37.96296296296296,35.99567819148936,1727684815.281809
xkp24_Llama-3-8B-Instruct-SPPO-score-Iter2_gp_8b-table-0.002,59.51940850277264,49.38378753688596,6.419939577039275,26.006711409395972,39.285714285714285,35.29753989361702,1727834775.791258
xukp20_Llama-3-8B-Instruct-SPPO-Iter3_bt_2b-table,51.571164510166355,48.8456865127582,7.552870090634441,25.922818791946305,36.507936507936506,36.58577127659575,1727577626.2886546
xukp20_Llama-3-8B-Instruct-SPPO-Iter3_bt_8b-table,65.98890942698706,50.77243534108662,7.7039274924471295,25.922818791946305,37.301587301587304,36.92652925531915,1727576840.102687
xukp20_Llama-3-8B-Instruct-SPPO-Iter3_gp_2b-table,54.5286506469501,49.487936122201006,8.006042296072508,25.922818791946305,36.64021164021164,36.57746010638298,1727577425.7411966
yam-peleg_Hebrew-Mistral-7B,17.190388170055453,43.291095295955564,4.531722054380665,27.936241610738254,39.682539682539684,27.800864361702125,1722242150.186587
yfzp_Llama-3-8B-Instruct-SPPO-Iter1_bt_2b-table,62.47689463955638,49.6788751952786,6.873111782477341,25.922818791946305,37.16931216931217,37.1592420212766,1727664301.4056299
yfzp_Llama-3-8B-Instruct-SPPO-Iter1_bt_8b-table,69.31608133086876,50.68564485332408,9.06344410876133,26.006711409395972,37.96296296296296,37.483377659574465,1727663976.7501113
yfzp_Llama-3-8B-Instruct-SPPO-Iter1_gp_2b-table,63.03142329020333,49.22756465891338,8.836858006042297,25.922818791946305,36.37566137566138,37.175864361702125,1727621170.2077277
yfzp_Llama-3-8B-Instruct-SPPO-Iter1_gp_8b-table,67.09796672828097,50.1128276340913,8.610271903323262,25.922818791946305,37.03703703703704,36.82679521276596,1727621939.441009
yfzp_Llama-3-8B-Instruct-SPPO-score-Iter1_bt_2b-table-0.001,59.88909426987061,49.66151709772609,4.531722054380665,25.922818791946305,37.698412698412696,37.200797872340424,1727664141.6206837
yfzp_Llama-3-8B-Instruct-SPPO-score-Iter1_gp_2b-table-0.001,59.70425138632163,49.401145634438464,6.722054380664652,25.922818791946305,36.507936507936506,37.02626329787234,1727621588.3722749
yfzp_Llama-3-8B-Instruct-SPPO-score-Iter1_gp_8b-table-0.002,65.61922365988909,49.74830758548863,6.570996978851963,25.922818791946305,37.698412698412696,36.6938164893617,1727622472.1170688
yifAI_Llama-3-8B-Instruct-SPPO-score-Iter3_gp_8b-table-0.002,59.88909426987061,49.00190939073077,6.193353474320242,26.174496644295303,38.88888888888889,35.197805851063826,1727663813.492974
ymcki_gemma-2-2b-ORPO-jpn-it-abliterated-18,40.110905730129396,41.2601978823121,0.0,27.181208053691275,36.507936507936506,24.42652925531915,1730314151.3614562
ymcki_gemma-2-2b-ORPO-jpn-it-abliterated-18-merge,41.0351201478743,38.15309842041312,2.492447129909366,28.187919463087248,33.06878306878307,24.509640957446805,1730305192.4759076
ymcki_gemma-2-2b-jpn-it-abliterated-17,0.0,29.126887693108834,0.0,25.922818791946305,33.730158730158735,11.67719414893617,1729163856.2790995
ymcki_gemma-2-2b-jpn-it-abliterated-17-18-24,45.10166358595194,37.823294566915465,0.0,28.104026845637588,34.92063492063492,22.82247340425532,1730918279.5962265
ymcki_gemma-2-2b-jpn-it-abliterated-17-ORPO-alpaca,25.32347504621072,40.56587398021177,0.0755287009063444,26.929530201342285,39.55026455026455,22.49002659574468,1730032538.5171597
yuvraj17_Llama3-8B-SuperNova-Spectrum-Hermes-DPO,39.74121996303142,43.707689637215765,5.13595166163142,30.201342281879196,40.07936507936508,26.346409574468083,1727769284.0988429
yuvraj17_Llama3-8B-SuperNova-Spectrum-dare_ties,32.53234750462107,45.77330324596424,7.401812688821751,27.516778523489933,42.06349206349206,35.73803191489361,1727461753.5405674
yuvraj17_Llama3-8B-abliterated-Spectrum-slerp,25.32347504621072,49.487936122201006,5.287009063444108,30.11744966442953,39.94708994708995,32.571476063829785,1727113812.2573767
zake7749_gemma-2-2b-it-chinese-kyara-dpo,47.689463955637706,42.35375802812012,6.117824773413897,26.677852348993287,45.63492063492063,25.731382978723406,1729135204.6279328
zelk12_MT-Gen1-gemma-2-9B,75.23105360443623,60.89220621419892,12.084592145015106,34.64765100671141,42.06349206349206,43.80817819148936,1729710653.78838
zelk12_MT-Gen2-GI-gemma-2-9B,75.78558225508318,60.8401319215414,13.36858006042296,35.06711409395973,42.72486772486773,43.55884308510639,1732915014.546897
zelk12_MT-Gen2-gemma-2-9B,75.41589648798521,60.89220621419892,14.879154078549849,34.64765100671141,43.12169312169312,43.874667553191486,1731273244.5074422
zelk12_MT-Gen3-gemma-2-9B,76.7097966728281,60.85749001909391,11.404833836858005,34.899328859060404,42.06349206349206,43.55884308510639,1732971427.0278277
zelk12_MT-Gen6-gemma-2-9B,15.526802218114602,58.42735636174275,0.0,33.30536912751678,40.60846560846561,41.65558510638298,1737678177.2549741
zelk12_MT-Gen7-gemma-2-9B,15.89648798521257,59.26054504426315,8.91238670694864,33.557046979865774,40.87301587301587,41.22340425531915,1740444156.6452913
zelk12_MT-Merge-gemma-2-9B,76.89463955637707,61.08314528727652,11.933534743202417,34.81543624161073,42.46031746031746,43.61702127659575,1729704622.5567875
zelk12_MT-Merge2-MU-gemma-2-MTg2MT1g2-9B,75.78558225508318,60.71862523867384,13.821752265861026,35.06711409395973,43.12169312169312,43.7250664893617,1732915014.5459492
zelk12_MT-Merge4-gemma-2-9B,74.4916820702403,61.08314528727652,18.806646525679756,35.23489932885906,42.857142857142854,43.899601063829785,1734803634.9134336
zelk12_MT-Merge6-gemma-2-9B,16.266173752310536,59.3820517271307,8.006042296072508,32.88590604026846,40.87301587301587,41.14860372340425,1740447580.3791966
zelk12_MT1-Gen2-gemma-2-9B,76.34011090573013,60.85749001909391,11.329305135951662,35.23489932885906,42.72486772486773,43.55053191489361,1731351271.8013725
zelk12_MT1-Gen5-gemma-2-9B,74.12199630314234,60.11109182433605,3.2477341389728096,34.64765100671141,41.7989417989418,42.22074468085106,1735154688.7548525
zelk12_MT1-gemma-2-9B,75.6007393715342,60.99635479951397,13.36858006042296,34.56375838926174,43.12169312169312,43.57546542553192,1729159656.4204683
zelk12_MT2-Gen1-gemma-2-9B,74.86136783733826,60.87484811664642,10.120845921450151,34.31208053691275,42.32804232804233,43.766622340425535,1730061100.946617
zelk12_MT2-Gen2-gemma-2-9B,75.04621072088725,60.78805762888388,14.803625377643503,34.64765100671141,42.592592592592595,43.88297872340425,1731431530.2300608
zelk12_MT2-Gen3-gemma-2-9B,74.3068391866913,60.94428050685645,13.293051359516618,34.64765100671141,42.195767195767196,43.741688829787236,1733389519.9225354
zelk12_MT2-Gen4-gemma-2-9B,75.78558225508318,60.85749001909391,8.308157099697885,34.56375838926174,41.13756613756614,43.209773936170215,1734495167.2086203
zelk12_MT2-Gen5-gemma-2-9B,73.56746765249538,60.56240236070126,6.3444108761329305,35.151006711409394,42.32804232804233,43.0186170212766,1735157189.8309143
zelk12_MT2-Gen6-gemma-2-9B,15.89648798521257,59.52091650755077,0.0,33.808724832214764,41.269841269841265,42.096077127659576,1738809702.9474852
zelk12_MT2-Max-Merge_02012025163610-gemma-2-9B,75.41589648798521,60.961638604408954,16.993957703927492,35.151006711409394,42.195767195767196,43.90791223404255,1736308235.2521186
zelk12_MT3-Gen1-gemma-2-9B,74.86136783733826,60.961638604408954,3.2477341389728096,34.64765100671141,41.4021164021164,43.267952127659576,1730158699.716801
zelk12_MT3-Gen2-gemma-2-9B,74.4916820702403,60.80541572643639,2.0392749244712993,35.738255033557046,41.00529100529101,43.32613031914894,1732210052.4563718
zelk12_MT3-Gen3-gemma-2-9B,75.23105360443623,60.77069953133136,9.06344410876133,35.151006711409394,42.46031746031746,43.02692819148936,1733614917.4269664
zelk12_MT3-Gen4-gemma-2-9B,73.56746765249538,60.92692240930394,20.468277945619334,34.73154362416108,44.70899470899471,43.874667553191486,1734496747.5039809
zelk12_MT3-Gen5-gemma-2-9B,76.7097966728281,60.90956431175143,7.250755287009064,35.31879194630873,41.7989417989418,43.16821808510639,1735221486.7961426
zelk12_MT3-Gen5-gemma-2-9B_v1,76.7097966728281,61.031070994618986,10.95166163141994,34.899328859060404,41.93121693121693,43.59208776595745,1735340864.2247784
zelk12_MT3-Gen6-gemma-2-9B,17.005545286506468,60.09373372678355,8.836858006042297,34.31208053691275,41.13756613756614,41.023936170212764,1740445072.2645378
zelk12_MT3-Max-Merge_02012025163610-gemma-2-9B,17.005545286506468,61.11786148238153,7.7039274924471295,35.06711409395973,42.46031746031746,43.89128989361702,1736815845.3070314
zelk12_MT3-gemma-2-9B,74.3068391866913,61.20465197014408,9.441087613293051,34.47986577181208,42.32804232804233,43.267952127659576,1729179565.476736
zelk12_MT4-Gen2-gemma-2-9B,77.07948243992607,60.961638604408954,15.709969788519636,34.56375838926174,42.46031746031746,43.675199468085104,1732300473.9410222
zelk12_MT4-Gen3-gemma-2-9B,74.67652495378928,60.753341433778864,15.105740181268882,34.395973154362416,42.32804232804233,43.80817819148936,1733659373.2626233
zelk12_MT4-Gen5-gemma-2-9B,74.12199630314234,60.961638604408954,14.879154078549849,35.65436241610738,42.592592592592595,43.841422872340424,1735419024.001101
zelk12_MT4-gemma-2-9B,73.93715341959334,60.631834750911295,15.634441087613293,33.808724832214764,42.98941798941799,43.658577127659576,1729532315.964409
zelk12_MT5-Gen1-gemma-2-9B,74.4916820702403,61.01371289706648,6.873111782477341,34.73154362416108,41.93121693121693,43.683510638297875,1730912592.3898165
zelk12_MT5-Gen2-gemma-2-9B,76.15526802218115,60.961638604408954,10.347432024169184,35.151006711409394,41.53439153439153,43.791555851063826,1732368489.8287714
zelk12_MT5-Gen3-gemma-2-9B,74.4916820702403,60.78805762888388,11.555891238670695,35.151006711409394,42.195767195767196,43.75,1733682675.5209994
zelk12_MT5-gemma-2-9B,77.26432532347505,61.01371289706648,8.610271903323262,34.31208053691275,41.93121693121693,43.66688829787234,1729538199.3640783
zelk12_MTM-Merge-gemma-2-9B,74.3068391866913,61.22201006769657,16.61631419939577,35.48657718120805,42.592592592592595,43.88297872340425,1735755479.2338316
zelk12_Rv0.4DMv1t0.25-gemma-2-9B,70.79482439926062,60.54504426314876,19.410876132930515,34.56375838926174,42.98941798941799,44.00764627659575,1735660967.60025
zelk12_Test01012025155054t0.5_gemma-2,10.720887245841034,27.87710466932824,0.0,24.161073825503358,36.64021164021164,10.904255319148938,1735778669.1738558
zelk12_gemma-2-S2MTM-9B,74.67652495378928,60.56240236070126,4.003021148036254,34.56375838926174,42.06349206349206,42.96875,1734023005.3723934
zelk12_recoilme-gemma-2-Gutenberg-Doppel-9B-v0.1,72.2735674676525,60.87484811664642,6.3444108761329305,34.144295302013425,42.98941798941799,43.15159574468085,1728412142.5993621
zelk12_recoilme-gemma-2-Ifable-9B-v0.1,75.78558225508318,60.57976045825377,7.930513595166164,35.151006711409394,41.93121693121693,43.234707446808514,1728412150.7365947
zelk12_recoilme-gemma-2-psy10k-mental_healt-9B-v0.1,70.60998151571165,59.74657177573338,16.46525679758308,34.395973154362416,42.857142857142854,41.805186170212764,1728472570.1083176
zetasepic_Qwen2.5-32B-Instruct-abliterated-v2,80.59149722735674,69.0505120638778,0.0,36.74496644295302,43.386243386243386,56.21675531914894,1736537854.62126
zetasepic_Qwen2.5-72B-Instruct-abliterated,66.91312384473198,71.35913903836139,46.14803625377644,40.68791946308725,47.08994708994709,58.71841755319149,1731368299.062961
